"","npts11","npts21","npts31","npts12","npts22","npts32","npts13","npts23","npts33","npts14","npts24","npts34","npts15","npts25","npts35","ntox11","ntox21","ntox31","ntox12","ntox22","ntox32","ntox13","ntox23","ntox33","ntox14","ntox24","ntox34","ntox15","ntox25","ntox35","neff11","neff21","neff31","neff12","neff22","neff32","neff13","neff23","neff33","neff14","neff24","neff34","neff15","neff25","neff35","ppts11","ppts21","ppts31","ppts12","ppts22","ppts32","ppts13","ppts23","ppts33","ppts14","ppts24","ppts34","ppts15","ppts25","ppts35","ptox11","ptox21","ptox31","ptox12","ptox22","ptox32","ptox13","ptox23","ptox33","ptox14","ptox24","ptox34","ptox15","ptox25","ptox35","peff11","peff21","peff31","peff12","peff22","peff32","peff13","peff23","peff33","peff14","peff24","peff34","peff15","peff25","peff35","nct111","nct121","nct131","nct112","nct122","nct132","nct113","nct123","nct133","nct114","nct124","nct134","nct115","nct125","nct135","nct211","nct221","nct231","nct212","nct222","nct232","nct213","nct223","nct233","nct214","nct224","nct234","nct215","nct225","nct235","nct311","nct321","nct331","nct312","nct322","nct332","nct313","nct323","nct333","nct314","nct324","nct334","nct315","nct325","nct335","nct411","nct421","nct431","nct412","nct422","nct432","nct413","nct423","nct433","nct414","nct424","nct434","nct415","nct425","nct435","pct111","pct121","pct131","pct112","pct122","pct132","pct113","pct123","pct133","pct114","pct124","pct134","pct115","pct125","pct135","pct211","pct221","pct231","pct212","pct222","pct232","pct213","pct223","pct233","pct214","pct224","pct234","pct215","pct225","pct235","pct311","pct321","pct331","pct312","pct322","pct332","pct313","pct323","pct333","pct314","pct324","pct334","pct315","pct325","pct335","pct411","pct421","pct431","pct412","pct422","pct432","pct413","pct423","pct433","pct414","pct424","pct434","pct415","pct425","pct435"
"1",1,2,3,1,2,3,1,2,3,1,2,3,1,2,3,1,2,3,1,2,3,1,2,3,1,2,3,1,2,3,1,2,3,1,2,3,1,2,3,1,2,3,1,2,3,1,2,3,1,2,3,1,2,3,1,2,3,1,2,3,1,2,3,1,2,3,1,2,3,1,2,3,1,2,3,1,2,3,1,2,3,1,2,3,1,2,3,1,2,3,1,2,3,1,2,3,1,2,3,1,2,3,1,2,3,1,2,3,1,2,3,1,2,3,1,2,3,1,2,3,1,2,3,1,2,3,1,2,3,1,2,3,1,2,3,1,2,3,1,2,3,1,2,3,1,2,3,1,2,3,1,2,3,1,2,3,1,2,3,1,2,3,1,2,3,1,2,3,1,2,3,1,2,3,1,2,3,1,2,3,1,2,3,1,2,3,1,2,3,1,2,3,1,2,3,1,2,3,1,2,3,1,2,3,1,2,3,1,2,3
"2",1,1,1,2,2,2,3,3,3,4,4,4,5,5,5,1,1,1,2,2,2,3,3,3,4,4,4,5,5,5,1,1,1,2,2,2,3,3,3,4,4,4,5,5,5,1,1,1,2,2,2,3,3,3,4,4,4,5,5,5,1,1,1,2,2,2,3,3,3,4,4,4,5,5,5,1,1,1,2,2,2,3,3,3,4,4,4,5,5,5,1,1,1,2,2,2,3,3,3,4,4,4,5,5,5,1,1,1,2,2,2,3,3,3,4,4,4,5,5,5,1,1,1,2,2,2,3,3,3,4,4,4,5,5,5,1,1,1,2,2,2,3,3,3,4,4,4,5,5,5,1,1,1,2,2,2,3,3,3,4,4,4,5,5,5,1,1,1,2,2,2,3,3,3,4,4,4,5,5,5,1,1,1,2,2,2,3,3,3,4,4,4,5,5,5,1,1,1,2,2,2,3,3,3,4,4,4,5,5,5
"3",3,3,3,3,3,6,6,3,6,0,6,6,0,0,0,0,0,0,0,0,0,0,1,3,0,1,3,0,0,0,1,1,1,0,1,3,4,0,3,0,4,6,0,0,0,0.0625,0.0625,0.0625,0.0625,0.0625,0.125,0.125,0.0625,0.125,0,0.125,0.125,0,0,0,0,0,0,0,0,0,0,0.333333333333333,0.5,NA,0.166666666666667,0.5,NA,NA,NA,0.333333333333333,0.333333333333333,0.333333333333333,0,0.333333333333333,0.5,0.666666666666667,0,0.5,NA,0.666666666666667,1,NA,NA,NA,1,1,1,0,1,3,4,0,2,0,3,3,0,0,0,2,2,2,3,2,3,2,2,1,0,2,0,0,0,0,0,0,0,0,0,0,0,0,1,0,1,3,0,0,0,0,0,0,0,0,0,0,1,2,0,0,0,0,0,0,0.333333333333333,0.333333333333333,0.333333333333333,0,0.333333333333333,0.5,0.666666666666667,0,0.333333333333333,NA,0.5,0.5,NA,NA,NA,0.666666666666667,0.666666666666667,0.666666666666667,1,0.666666666666667,0.5,0.333333333333333,0.666666666666667,0.166666666666667,NA,0.333333333333333,0,NA,NA,NA,0,0,0,0,0,0,0,0,0.166666666666667,NA,0.166666666666667,0.5,NA,NA,NA,0,0,0,0,0,0,0,0.333333333333333,0.333333333333333,NA,0,0,NA,NA,NA
"4",3,3,3,3,6,3,6,0,6,0,0,6,0,0,0,0,0,0,1,0,0,1,0,1,0,0,4,0,0,0,0,0,0,1,4,1,3,0,2,0,0,4,0,0,0,0.0769230769230769,0.0769230769230769,0.0769230769230769,0.0769230769230769,0.153846153846154,0.0769230769230769,0.153846153846154,0,0.153846153846154,0,0,0.153846153846154,0,0,0,0,0,0,0.333333333333333,0,0,0.166666666666667,NA,0.166666666666667,NA,NA,0.666666666666667,NA,NA,NA,0,0,0,0.333333333333333,0.666666666666667,0.333333333333333,0.5,NA,0.333333333333333,NA,NA,0.666666666666667,NA,NA,NA,0,0,0,0,4,1,2,0,2,0,0,2,0,0,0,3,3,3,2,2,2,3,0,3,0,0,0,0,0,0,0,0,0,1,0,0,1,0,0,0,0,2,0,0,0,0,0,0,0,0,0,0,0,1,0,0,2,0,0,0,0,0,0,0,0.666666666666667,0.333333333333333,0.333333333333333,NA,0.333333333333333,NA,NA,0.333333333333333,NA,NA,NA,1,1,1,0.666666666666667,0.333333333333333,0.666666666666667,0.5,NA,0.5,NA,NA,0,NA,NA,NA,0,0,0,0.333333333333333,0,0,0.166666666666667,NA,0,NA,NA,0.333333333333333,NA,NA,NA,0,0,0,0,0,0,0,NA,0.166666666666667,NA,NA,0.333333333333333,NA,NA,NA
"5",3,6,0,3,0,0,6,0,0,0,0,0,0,0,0,0,2,0,0,0,0,0,0,0,0,0,0,0,0,0,0,4,0,0,0,0,3,0,0,0,0,0,0,0,0,0.166666666666667,0.333333333333333,0,0.166666666666667,0,0,0.333333333333333,0,0,0,0,0,0,0,0,0,0.333333333333333,NA,0,NA,NA,0,NA,NA,NA,NA,NA,NA,NA,NA,0,0.666666666666667,NA,0,NA,NA,0.5,NA,NA,NA,NA,NA,NA,NA,NA,0,2,0,0,0,0,3,0,0,0,0,0,0,0,0,3,2,0,3,0,0,3,0,0,0,0,0,0,0,0,0,2,0,0,0,0,0,0,0,0,0,0,0,0,0,0,0,0,0,0,0,0,0,0,0,0,0,0,0,0,0,0.333333333333333,NA,0,NA,NA,0.5,NA,NA,NA,NA,NA,NA,NA,NA,1,0.333333333333333,NA,1,NA,NA,0.5,NA,NA,NA,NA,NA,NA,NA,NA,0,0.333333333333333,NA,0,NA,NA,0,NA,NA,NA,NA,NA,NA,NA,NA,0,0,NA,0,NA,NA,0,NA,NA,NA,NA,NA,NA,NA,NA
"6",3,3,3,3,6,3,3,6,6,6,0,6,0,0,0,0,0,0,0,2,0,0,1,2,1,0,4,0,0,0,1,0,0,0,0,1,0,4,4,4,0,6,0,0,0,0.0625,0.0625,0.0625,0.0625,0.125,0.0625,0.0625,0.125,0.125,0.125,0,0.125,0,0,0,0,0,0,0,0.333333333333333,0,0,0.166666666666667,0.333333333333333,0.166666666666667,NA,0.666666666666667,NA,NA,NA,0.333333333333333,0,0,0,0,0.333333333333333,0,0.666666666666667,0.666666666666667,0.666666666666667,NA,1,NA,NA,NA,1,0,0,0,0,1,0,4,3,3,0,2,0,0,0,2,3,3,3,4,2,3,1,1,2,0,0,0,0,0,0,0,0,0,0,0,0,0,1,1,0,4,0,0,0,0,0,0,0,2,0,0,1,1,0,0,0,0,0,0,0.333333333333333,0,0,0,0,0.333333333333333,0,0.666666666666667,0.5,0.5,NA,0.333333333333333,NA,NA,NA,0.666666666666667,1,1,1,0.666666666666667,0.666666666666667,1,0.166666666666667,0.166666666666667,0.333333333333333,NA,0,NA,NA,NA,0,0,0,0,0,0,0,0,0.166666666666667,0.166666666666667,NA,0.666666666666667,NA,NA,NA,0,0,0,0,0.333333333333333,0,0,0.166666666666667,0.166666666666667,0,NA,0,NA,NA,NA
"7",3,3,3,3,6,6,6,6,0,0,0,0,0,0,0,0,0,1,0,1,1,0,0,0,0,0,0,0,0,0,0,1,0,1,2,4,4,4,0,0,0,0,0,0,0,0.0833333333333333,0.0833333333333333,0.0833333333333333,0.0833333333333333,0.166666666666667,0.166666666666667,0.166666666666667,0.166666666666667,0,0,0,0,0,0,0,0,0,0.333333333333333,0,0.166666666666667,0.166666666666667,0,0,NA,NA,NA,NA,NA,NA,NA,0,0.333333333333333,0,0.333333333333333,0.333333333333333,0.666666666666667,0.666666666666667,0.666666666666667,NA,NA,NA,NA,NA,NA,NA,0,1,0,1,2,3,4,4,0,0,0,0,0,0,0,3,2,2,2,3,2,2,2,0,0,0,0,0,0,0,0,0,0,0,0,1,0,0,0,0,0,0,0,0,0,0,0,1,0,1,0,0,0,0,0,0,0,0,0,0,0,0.333333333333333,0,0.333333333333333,0.333333333333333,0.5,0.666666666666667,0.666666666666667,NA,NA,NA,NA,NA,NA,NA,1,0.666666666666667,0.666666666666667,0.666666666666667,0.5,0.333333333333333,0.333333333333333,0.333333333333333,NA,NA,NA,NA,NA,NA,NA,0,0,0,0,0,0.166666666666667,0,0,NA,NA,NA,NA,NA,NA,NA,0,0,0.333333333333333,0,0.166666666666667,0,0,0,NA,NA,NA,NA,NA,NA,NA
"8",3,3,3,6,3,6,3,6,0,6,0,0,0,0,0,0,0,0,0,0,1,1,0,0,1,0,0,0,0,0,1,1,1,2,0,4,0,3,0,4,0,0,0,0,0,0.0769230769230769,0.0769230769230769,0.0769230769230769,0.153846153846154,0.0769230769230769,0.153846153846154,0.0769230769230769,0.153846153846154,0,0.153846153846154,0,0,0,0,0,0,0,0,0,0,0.166666666666667,0.333333333333333,0,NA,0.166666666666667,NA,NA,NA,NA,NA,0.333333333333333,0.333333333333333,0.333333333333333,0.333333333333333,0,0.666666666666667,0,0.5,NA,0.666666666666667,NA,NA,NA,NA,NA,1,1,1,2,0,3,0,3,0,4,0,0,0,0,0,2,2,2,4,3,2,2,3,0,1,0,0,0,0,0,0,0,0,0,0,1,0,0,0,0,0,0,0,0,0,0,0,0,0,0,0,1,0,0,1,0,0,0,0,0,0.333333333333333,0.333333333333333,0.333333333333333,0.333333333333333,0,0.5,0,0.5,NA,0.666666666666667,NA,NA,NA,NA,NA,0.666666666666667,0.666666666666667,0.666666666666667,0.666666666666667,1,0.333333333333333,0.666666666666667,0.5,NA,0.166666666666667,NA,NA,NA,NA,NA,0,0,0,0,0,0.166666666666667,0,0,NA,0,NA,NA,NA,NA,NA,0,0,0,0,0,0,0.333333333333333,0,NA,0.166666666666667,NA,NA,NA,NA,NA
"9",3,3,3,3,3,3,6,6,6,6,0,3,0,0,0,0,0,0,0,0,1,1,0,2,2,0,3,0,0,0,0,0,1,0,1,1,2,5,4,4,0,2,0,0,0,0.0666666666666667,0.0666666666666667,0.0666666666666667,0.0666666666666667,0.0666666666666667,0.0666666666666667,0.133333333333333,0.133333333333333,0.133333333333333,0.133333333333333,0,0.0666666666666667,0,0,0,0,0,0,0,0,0.333333333333333,0.166666666666667,0,0.333333333333333,0.333333333333333,NA,1,NA,NA,NA,0,0,0.333333333333333,0,0.333333333333333,0.333333333333333,0.333333333333333,0.833333333333333,0.666666666666667,0.666666666666667,NA,0.666666666666667,NA,NA,NA,0,0,1,0,1,1,1,5,3,2,0,0,0,0,0,3,3,2,3,2,1,4,1,1,2,0,0,0,0,0,0,0,0,0,0,0,1,0,1,2,0,2,0,0,0,0,0,0,0,0,1,0,0,1,0,0,1,0,0,0,0,0,0.333333333333333,0,0.333333333333333,0.333333333333333,0.166666666666667,0.833333333333333,0.5,0.333333333333333,NA,0,NA,NA,NA,1,1,0.666666666666667,1,0.666666666666667,0.333333333333333,0.666666666666667,0.166666666666667,0.166666666666667,0.333333333333333,NA,0,NA,NA,NA,0,0,0,0,0,0,0.166666666666667,0,0.166666666666667,0.333333333333333,NA,0.666666666666667,NA,NA,NA,0,0,0,0,0,0.333333333333333,0,0,0.166666666666667,0,NA,0.333333333333333,NA,NA,NA
"10",3,3,3,3,6,3,3,0,6,6,0,0,0,0,0,0,0,0,0,1,0,1,0,1,1,0,0,0,0,0,0,1,0,0,3,0,1,0,3,4,0,0,0,0,0,0.0833333333333333,0.0833333333333333,0.0833333333333333,0.0833333333333333,0.166666666666667,0.0833333333333333,0.0833333333333333,0,0.166666666666667,0.166666666666667,0,0,0,0,0,0,0,0,0,0.166666666666667,0,0.333333333333333,NA,0.166666666666667,0.166666666666667,NA,NA,NA,NA,NA,0,0.333333333333333,0,0,0.5,0,0.333333333333333,NA,0.5,0.666666666666667,NA,NA,NA,NA,NA,0,1,0,0,2,0,0,0,3,3,0,0,0,0,0,3,2,3,3,3,3,2,0,2,2,0,0,0,0,0,0,0,0,0,1,0,1,0,0,1,0,0,0,0,0,0,0,0,0,0,0,0,0,1,0,0,0,0,0,0,0,0.333333333333333,0,0,0.333333333333333,0,0,NA,0.5,0.5,NA,NA,NA,NA,NA,1,0.666666666666667,1,1,0.5,1,0.666666666666667,NA,0.333333333333333,0.333333333333333,NA,NA,NA,NA,NA,0,0,0,0,0.166666666666667,0,0.333333333333333,NA,0,0.166666666666667,NA,NA,NA,NA,NA,0,0,0,0,0,0,0,NA,0.166666666666667,0,NA,NA,NA,NA,NA
"11",3,3,3,3,3,6,6,6,0,0,0,0,0,0,0,0,0,0,0,0,0,0,1,0,0,0,0,0,0,0,0,1,0,0,1,5,4,4,0,0,0,0,0,0,0,0.0909090909090909,0.0909090909090909,0.0909090909090909,0.0909090909090909,0.0909090909090909,0.181818181818182,0.181818181818182,0.181818181818182,0,0,0,0,0,0,0,0,0,0,0,0,0,0,0.166666666666667,NA,NA,NA,NA,NA,NA,NA,0,0.333333333333333,0,0,0.333333333333333,0.833333333333333,0.666666666666667,0.666666666666667,NA,NA,NA,NA,NA,NA,NA,0,1,0,0,1,5,4,3,0,0,0,0,0,0,0,3,2,3,3,2,1,2,2,0,0,0,0,0,0,0,0,0,0,0,0,0,0,1,0,0,0,0,0,0,0,0,0,0,0,0,0,0,0,0,0,0,0,0,0,0,0,0.333333333333333,0,0,0.333333333333333,0.833333333333333,0.666666666666667,0.5,NA,NA,NA,NA,NA,NA,NA,1,0.666666666666667,1,1,0.666666666666667,0.166666666666667,0.333333333333333,0.333333333333333,NA,NA,NA,NA,NA,NA,NA,0,0,0,0,0,0,0,0.166666666666667,NA,NA,NA,NA,NA,NA,NA,0,0,0,0,0,0,0,0,NA,NA,NA,NA,NA,NA,NA
"12",3,3,3,3,6,6,6,0,3,0,0,0,0,0,0,0,0,0,0,1,0,1,0,2,0,0,0,0,0,0,0,0,0,1,5,4,4,0,3,0,0,0,0,0,0,0.0909090909090909,0.0909090909090909,0.0909090909090909,0.0909090909090909,0.181818181818182,0.181818181818182,0.181818181818182,0,0.0909090909090909,0,0,0,0,0,0,0,0,0,0,0.166666666666667,0,0.166666666666667,NA,0.666666666666667,NA,NA,NA,NA,NA,NA,0,0,0,0.333333333333333,0.833333333333333,0.666666666666667,0.666666666666667,NA,1,NA,NA,NA,NA,NA,NA,0,0,0,1,4,4,3,0,1,0,0,0,0,0,0,3,3,3,2,1,2,2,0,0,0,0,0,0,0,0,0,0,0,0,1,0,1,0,2,0,0,0,0,0,0,0,0,0,0,0,0,0,0,0,0,0,0,0,0,0,0,0,0,0.333333333333333,0.666666666666667,0.666666666666667,0.5,NA,0.333333333333333,NA,NA,NA,NA,NA,NA,1,1,1,0.666666666666667,0.166666666666667,0.333333333333333,0.333333333333333,NA,0,NA,NA,NA,NA,NA,NA,0,0,0,0,0.166666666666667,0,0.166666666666667,NA,0.666666666666667,NA,NA,NA,NA,NA,NA,0,0,0,0,0,0,0,NA,0,NA,NA,NA,NA,NA,NA
"13",3,6,0,3,0,0,6,0,0,6,0,0,0,0,0,0,0,0,0,0,0,1,0,0,3,0,0,0,0,0,1,4,0,1,0,0,2,0,0,4,0,0,0,0,0,0.125,0.25,0,0.125,0,0,0.25,0,0,0.25,0,0,0,0,0,0,0,NA,0,NA,NA,0.166666666666667,NA,NA,0.5,NA,NA,NA,NA,NA,0.333333333333333,0.666666666666667,NA,0.333333333333333,NA,NA,0.333333333333333,NA,NA,0.666666666666667,NA,NA,NA,NA,NA,1,4,0,1,0,0,2,0,0,2,0,0,0,0,0,2,2,0,2,0,0,3,0,0,1,0,0,0,0,0,0,0,0,0,0,0,0,0,0,2,0,0,0,0,0,0,0,0,0,0,0,1,0,0,1,0,0,0,0,0,0.333333333333333,0.666666666666667,NA,0.333333333333333,NA,NA,0.333333333333333,NA,NA,0.333333333333333,NA,NA,NA,NA,NA,0.666666666666667,0.333333333333333,NA,0.666666666666667,NA,NA,0.5,NA,NA,0.166666666666667,NA,NA,NA,NA,NA,0,0,NA,0,NA,NA,0,NA,NA,0.333333333333333,NA,NA,NA,NA,NA,0,0,NA,0,NA,NA,0.166666666666667,NA,NA,0.166666666666667,NA,NA,NA,NA,NA
"14",3,3,3,3,6,6,6,0,0,3,0,0,6,0,0,0,0,0,0,0,0,0,0,0,0,0,0,0,0,0,1,0,0,1,3,4,2,0,0,1,0,0,3,0,0,0.0769230769230769,0.0769230769230769,0.0769230769230769,0.0769230769230769,0.153846153846154,0.153846153846154,0.153846153846154,0,0,0.0769230769230769,0,0,0.153846153846154,0,0,0,0,0,0,0,0,0,NA,NA,0,NA,NA,0,NA,NA,0.333333333333333,0,0,0.333333333333333,0.5,0.666666666666667,0.333333333333333,NA,NA,0.333333333333333,NA,NA,0.5,NA,NA,1,0,0,1,3,4,2,0,0,1,0,0,3,0,0,2,3,3,2,3,2,4,0,0,2,0,0,3,0,0,0,0,0,0,0,0,0,0,0,0,0,0,0,0,0,0,0,0,0,0,0,0,0,0,0,0,0,0,0,0,0.333333333333333,0,0,0.333333333333333,0.5,0.666666666666667,0.333333333333333,NA,NA,0.333333333333333,NA,NA,0.5,NA,NA,0.666666666666667,1,1,0.666666666666667,0.5,0.333333333333333,0.666666666666667,NA,NA,0.666666666666667,NA,NA,0.5,NA,NA,0,0,0,0,0,0,0,NA,NA,0,NA,NA,0,NA,NA,0,0,0,0,0,0,0,NA,NA,0,NA,NA,0,NA,NA
"15",3,3,3,6,3,6,0,6,0,0,0,0,0,0,0,0,1,0,2,0,1,0,1,0,0,0,0,0,0,0,0,1,1,3,1,4,0,4,0,0,0,0,0,0,0,0.1,0.1,0.1,0.2,0.1,0.2,0,0.2,0,0,0,0,0,0,0,0,0.333333333333333,0,0.333333333333333,0,0.166666666666667,NA,0.166666666666667,NA,NA,NA,NA,NA,NA,NA,0,0.333333333333333,0.333333333333333,0.5,0.333333333333333,0.666666666666667,NA,0.666666666666667,NA,NA,NA,NA,NA,NA,NA,0,1,1,2,1,3,0,3,0,0,0,0,0,0,0,3,1,2,2,2,2,0,2,0,0,0,0,0,0,0,0,0,0,1,0,1,0,1,0,0,0,0,0,0,0,0,1,0,1,0,0,0,0,0,0,0,0,0,0,0,0,0.333333333333333,0.333333333333333,0.333333333333333,0.333333333333333,0.5,NA,0.5,NA,NA,NA,NA,NA,NA,NA,1,0.333333333333333,0.666666666666667,0.333333333333333,0.666666666666667,0.333333333333333,NA,0.333333333333333,NA,NA,NA,NA,NA,NA,NA,0,0,0,0.166666666666667,0,0.166666666666667,NA,0.166666666666667,NA,NA,NA,NA,NA,NA,NA,0,0.333333333333333,0,0.166666666666667,0,0,NA,0,NA,NA,NA,NA,NA,NA,NA
"16",3,3,6,3,3,0,3,3,0,6,3,0,0,6,0,0,0,0,0,0,0,0,0,0,1,0,0,0,2,0,0,0,3,0,1,0,0,1,0,3,1,0,0,5,0,0.0769230769230769,0.0769230769230769,0.153846153846154,0.0769230769230769,0.0769230769230769,0,0.0769230769230769,0.0769230769230769,0,0.153846153846154,0.0769230769230769,0,0,0.153846153846154,0,0,0,0,0,0,NA,0,0,NA,0.166666666666667,0,NA,NA,0.333333333333333,NA,0,0,0.5,0,0.333333333333333,NA,0,0.333333333333333,NA,0.5,0.333333333333333,NA,NA,0.833333333333333,NA,0,0,3,0,1,0,0,1,0,3,1,0,0,3,0,3,3,3,3,2,0,3,2,0,2,2,0,0,1,0,0,0,0,0,0,0,0,0,0,0,0,0,0,2,0,0,0,0,0,0,0,0,0,0,1,0,0,0,0,0,0,0,0.5,0,0.333333333333333,NA,0,0.333333333333333,NA,0.5,0.333333333333333,NA,NA,0.5,NA,1,1,0.5,1,0.666666666666667,NA,1,0.666666666666667,NA,0.333333333333333,0.666666666666667,NA,NA,0.166666666666667,NA,0,0,0,0,0,NA,0,0,NA,0,0,NA,NA,0.333333333333333,NA,0,0,0,0,0,NA,0,0,NA,0.166666666666667,0,NA,NA,0,NA
"17",3,3,3,3,3,6,3,6,0,6,6,0,0,0,0,0,0,0,1,0,1,0,0,0,2,1,0,0,0,0,0,0,1,0,1,6,1,2,0,5,5,0,0,0,0,0.0714285714285714,0.0714285714285714,0.0714285714285714,0.0714285714285714,0.0714285714285714,0.142857142857143,0.0714285714285714,0.142857142857143,0,0.142857142857143,0.142857142857143,0,0,0,0,0,0,0,0.333333333333333,0,0.166666666666667,0,0,NA,0.333333333333333,0.166666666666667,NA,NA,NA,NA,0,0,0.333333333333333,0,0.333333333333333,1,0.333333333333333,0.333333333333333,NA,0.833333333333333,0.833333333333333,NA,NA,NA,NA,0,0,1,0,1,5,1,2,0,3,4,0,0,0,0,3,3,2,2,2,0,2,4,0,1,1,0,0,0,0,0,0,0,0,0,1,0,0,0,2,1,0,0,0,0,0,0,0,1,0,0,0,0,0,0,0,0,0,0,0,0,0,0.333333333333333,0,0.333333333333333,0.833333333333333,0.333333333333333,0.333333333333333,NA,0.5,0.666666666666667,NA,NA,NA,NA,1,1,0.666666666666667,0.666666666666667,0.666666666666667,0,0.666666666666667,0.666666666666667,NA,0.166666666666667,0.166666666666667,NA,NA,NA,NA,0,0,0,0,0,0.166666666666667,0,0,NA,0.333333333333333,0.166666666666667,NA,NA,NA,NA,0,0,0,0.333333333333333,0,0,0,0,NA,0,0,NA,NA,NA,NA
"18",3,3,3,3,3,3,3,6,6,6,0,0,6,0,0,0,0,0,0,0,1,0,0,1,0,0,0,3,0,0,1,1,1,0,0,1,0,5,5,3,0,0,5,0,0,0.0666666666666667,0.0666666666666667,0.0666666666666667,0.0666666666666667,0.0666666666666667,0.0666666666666667,0.0666666666666667,0.133333333333333,0.133333333333333,0.133333333333333,0,0,0.133333333333333,0,0,0,0,0,0,0,0.333333333333333,0,0,0.166666666666667,0,NA,NA,0.5,NA,NA,0.333333333333333,0.333333333333333,0.333333333333333,0,0,0.333333333333333,0,0.833333333333333,0.833333333333333,0.5,NA,NA,0.833333333333333,NA,NA,1,1,1,0,0,0,0,5,4,3,0,0,3,0,0,2,2,2,3,3,2,3,1,1,3,0,0,0,0,0,0,0,0,0,0,1,0,0,1,0,0,0,2,0,0,0,0,0,0,0,0,0,0,0,0,0,0,1,0,0,0.333333333333333,0.333333333333333,0.333333333333333,0,0,0,0,0.833333333333333,0.666666666666667,0.5,NA,NA,0.5,NA,NA,0.666666666666667,0.666666666666667,0.666666666666667,1,1,0.666666666666667,1,0.166666666666667,0.166666666666667,0.5,NA,NA,0,NA,NA,0,0,0,0,0,0.333333333333333,0,0,0.166666666666667,0,NA,NA,0.333333333333333,NA,NA,0,0,0,0,0,0,0,0,0,0,NA,NA,0.166666666666667,NA,NA
"19",3,6,3,3,3,6,3,3,0,6,6,0,0,3,0,0,0,0,0,0,0,0,0,0,0,1,0,0,1,0,0,2,0,1,1,4,1,1,0,4,3,0,0,1,0,0.0666666666666667,0.133333333333333,0.0666666666666667,0.0666666666666667,0.0666666666666667,0.133333333333333,0.0666666666666667,0.0666666666666667,0,0.133333333333333,0.133333333333333,0,0,0.0666666666666667,0,0,0,0,0,0,0,0,0,NA,0,0.166666666666667,NA,NA,0.333333333333333,NA,0,0.333333333333333,0,0.333333333333333,0.333333333333333,0.666666666666667,0.333333333333333,0.333333333333333,NA,0.666666666666667,0.5,NA,NA,0.333333333333333,NA,0,2,0,1,1,4,1,1,0,4,2,0,0,1,0,3,4,3,2,2,2,2,2,0,2,3,0,0,1,0,0,0,0,0,0,0,0,0,0,0,1,0,0,0,0,0,0,0,0,0,0,0,0,0,0,0,0,0,1,0,0,0.333333333333333,0,0.333333333333333,0.333333333333333,0.666666666666667,0.333333333333333,0.333333333333333,NA,0.666666666666667,0.333333333333333,NA,NA,0.333333333333333,NA,1,0.666666666666667,1,0.666666666666667,0.666666666666667,0.333333333333333,0.666666666666667,0.666666666666667,NA,0.333333333333333,0.5,NA,NA,0.333333333333333,NA,0,0,0,0,0,0,0,0,NA,0,0.166666666666667,NA,NA,0,NA,0,0,0,0,0,0,0,0,NA,0,0,NA,NA,0.333333333333333,NA
"20",6,3,3,3,3,6,3,6,0,6,0,0,0,0,0,0,0,0,1,0,0,0,2,0,2,0,0,0,0,0,2,0,0,1,1,5,1,3,0,4,0,0,0,0,0,0.153846153846154,0.0769230769230769,0.0769230769230769,0.0769230769230769,0.0769230769230769,0.153846153846154,0.0769230769230769,0.153846153846154,0,0.153846153846154,0,0,0,0,0,0,0,0,0.333333333333333,0,0,0,0.333333333333333,NA,0.333333333333333,NA,NA,NA,NA,NA,0.333333333333333,0,0,0.333333333333333,0.333333333333333,0.833333333333333,0.333333333333333,0.5,NA,0.666666666666667,NA,NA,NA,NA,NA,2,0,0,1,1,5,1,3,0,4,0,0,0,0,0,4,3,3,1,2,1,2,1,0,0,0,0,0,0,0,0,0,0,0,0,0,0,0,0,0,0,0,0,0,0,0,0,0,1,0,0,0,2,0,2,0,0,0,0,0,0.333333333333333,0,0,0.333333333333333,0.333333333333333,0.833333333333333,0.333333333333333,0.5,NA,0.666666666666667,NA,NA,NA,NA,NA,0.666666666666667,1,1,0.333333333333333,0.666666666666667,0.166666666666667,0.666666666666667,0.166666666666667,NA,0,NA,NA,NA,NA,NA,0,0,0,0,0,0,0,0,NA,0,NA,NA,NA,NA,NA,0,0,0,0.333333333333333,0,0,0,0.333333333333333,NA,0.333333333333333,NA,NA,NA,NA,NA
"21",3,3,3,3,3,6,6,6,3,0,0,0,0,0,0,0,0,0,0,0,0,0,1,2,0,0,0,0,0,0,0,0,1,1,0,3,4,4,2,0,0,0,0,0,0,0.0833333333333333,0.0833333333333333,0.0833333333333333,0.0833333333333333,0.0833333333333333,0.166666666666667,0.166666666666667,0.166666666666667,0.0833333333333333,0,0,0,0,0,0,0,0,0,0,0,0,0,0.166666666666667,0.666666666666667,NA,NA,NA,NA,NA,NA,0,0,0.333333333333333,0.333333333333333,0,0.5,0.666666666666667,0.666666666666667,0.666666666666667,NA,NA,NA,NA,NA,NA,0,0,1,1,0,3,4,3,1,0,0,0,0,0,0,3,3,2,2,3,3,2,2,0,0,0,0,0,0,0,0,0,0,0,0,0,0,1,1,0,0,0,0,0,0,0,0,0,0,0,0,0,0,1,0,0,0,0,0,0,0,0,0.333333333333333,0.333333333333333,0,0.5,0.666666666666667,0.5,0.333333333333333,NA,NA,NA,NA,NA,NA,1,1,0.666666666666667,0.666666666666667,1,0.5,0.333333333333333,0.333333333333333,0,NA,NA,NA,NA,NA,NA,0,0,0,0,0,0,0,0.166666666666667,0.333333333333333,NA,NA,NA,NA,NA,NA,0,0,0,0,0,0,0,0,0.333333333333333,NA,NA,NA,NA,NA,NA
"22",3,3,6,3,3,0,6,3,0,6,6,0,0,3,0,0,0,0,0,1,0,0,0,0,2,0,0,0,3,0,0,0,5,1,1,0,0,1,0,4,4,0,0,2,0,0.0714285714285714,0.0714285714285714,0.142857142857143,0.0714285714285714,0.0714285714285714,0,0.142857142857143,0.0714285714285714,0,0.142857142857143,0.142857142857143,0,0,0.0714285714285714,0,0,0,0,0,0.333333333333333,NA,0,0,NA,0.333333333333333,0,NA,NA,1,NA,0,0,0.833333333333333,0.333333333333333,0.333333333333333,NA,0,0.333333333333333,NA,0.666666666666667,0.666666666666667,NA,NA,0.666666666666667,NA,0,0,5,1,1,0,0,1,0,4,4,0,0,0,0,3,3,1,2,1,0,6,2,0,0,2,0,0,0,0,0,0,0,0,0,0,0,0,0,0,0,0,0,2,0,0,0,0,0,1,0,0,0,0,2,0,0,0,1,0,0,0,0.833333333333333,0.333333333333333,0.333333333333333,NA,0,0.333333333333333,NA,0.666666666666667,0.666666666666667,NA,NA,0,NA,1,1,0.166666666666667,0.666666666666667,0.333333333333333,NA,1,0.666666666666667,NA,0,0.333333333333333,NA,NA,0,NA,0,0,0,0,0,NA,0,0,NA,0,0,NA,NA,0.666666666666667,NA,0,0,0,0,0.333333333333333,NA,0,0,NA,0.333333333333333,0,NA,NA,0.333333333333333,NA
"23",6,0,0,3,0,0,6,0,0,6,0,0,0,0,0,0,0,0,0,0,0,0,0,0,2,0,0,0,0,0,4,0,0,1,0,0,1,0,0,3,0,0,0,0,0,0.285714285714286,0,0,0.142857142857143,0,0,0.285714285714286,0,0,0.285714285714286,0,0,0,0,0,0,NA,NA,0,NA,NA,0,NA,NA,0.333333333333333,NA,NA,NA,NA,NA,0.666666666666667,NA,NA,0.333333333333333,NA,NA,0.166666666666667,NA,NA,0.5,NA,NA,NA,NA,NA,4,0,0,1,0,0,1,0,0,2,0,0,0,0,0,2,0,0,2,0,0,5,0,0,2,0,0,0,0,0,0,0,0,0,0,0,0,0,0,1,0,0,0,0,0,0,0,0,0,0,0,0,0,0,1,0,0,0,0,0,0.666666666666667,NA,NA,0.333333333333333,NA,NA,0.166666666666667,NA,NA,0.333333333333333,NA,NA,NA,NA,NA,0.333333333333333,NA,NA,0.666666666666667,NA,NA,0.833333333333333,NA,NA,0.333333333333333,NA,NA,NA,NA,NA,0,NA,NA,0,NA,NA,0,NA,NA,0.166666666666667,NA,NA,NA,NA,NA,0,NA,NA,0,NA,NA,0,NA,NA,0.166666666666667,NA,NA,NA,NA,NA
"24",3,3,3,3,6,6,3,0,0,6,0,0,0,0,0,0,0,0,0,0,0,1,0,0,1,0,0,0,0,0,0,1,1,0,3,3,0,0,0,4,0,0,0,0,0,0.0909090909090909,0.0909090909090909,0.0909090909090909,0.0909090909090909,0.181818181818182,0.181818181818182,0.0909090909090909,0,0,0.181818181818182,0,0,0,0,0,0,0,0,0,0,0,0.333333333333333,NA,NA,0.166666666666667,NA,NA,NA,NA,NA,0,0.333333333333333,0.333333333333333,0,0.5,0.5,0,NA,NA,0.666666666666667,NA,NA,NA,NA,NA,0,1,1,0,3,3,0,0,0,3,0,0,0,0,0,3,2,2,3,3,3,2,0,0,2,0,0,0,0,0,0,0,0,0,0,0,0,0,0,1,0,0,0,0,0,0,0,0,0,0,0,1,0,0,0,0,0,0,0,0,0,0.333333333333333,0.333333333333333,0,0.5,0.5,0,NA,NA,0.5,NA,NA,NA,NA,NA,1,0.666666666666667,0.666666666666667,1,0.5,0.5,0.666666666666667,NA,NA,0.333333333333333,NA,NA,NA,NA,NA,0,0,0,0,0,0,0,NA,NA,0.166666666666667,NA,NA,NA,NA,NA,0,0,0,0,0,0,0.333333333333333,NA,NA,0,NA,NA,NA,NA,NA
"25",3,3,3,3,6,3,3,6,3,3,6,6,0,0,0,0,0,0,0,1,1,0,4,1,0,3,1,0,0,0,0,0,0,1,1,1,1,3,0,3,3,3,0,0,0,0.0625,0.0625,0.0625,0.0625,0.125,0.0625,0.0625,0.125,0.0625,0.0625,0.125,0.125,0,0,0,0,0,0,0,0.166666666666667,0.333333333333333,0,0.666666666666667,0.333333333333333,0,0.5,0.166666666666667,NA,NA,NA,0,0,0,0.333333333333333,0.166666666666667,0.333333333333333,0.333333333333333,0.5,0,1,0.5,0.5,NA,NA,NA,0,0,0,1,0,1,1,0,0,3,2,3,0,0,0,3,3,3,2,5,1,2,2,2,0,1,2,0,0,0,0,0,0,0,1,0,0,3,0,0,1,0,0,0,0,0,0,0,0,0,1,0,1,1,0,2,1,0,0,0,0,0,0,0.333333333333333,0,0.333333333333333,0.333333333333333,0,0,1,0.333333333333333,0.5,NA,NA,NA,1,1,1,0.666666666666667,0.833333333333333,0.333333333333333,0.666666666666667,0.333333333333333,0.666666666666667,0,0.166666666666667,0.333333333333333,NA,NA,NA,0,0,0,0,0.166666666666667,0,0,0.5,0,0,0.166666666666667,0,NA,NA,NA,0,0,0,0,0,0.333333333333333,0,0.166666666666667,0.333333333333333,0,0.333333333333333,0.166666666666667,NA,NA,NA
"26",3,3,3,3,3,6,3,6,0,6,0,0,0,0,0,0,0,0,0,0,2,0,1,0,0,0,0,0,0,0,0,1,0,0,1,4,1,6,0,5,0,0,0,0,0,0.0833333333333333,0.0833333333333333,0.0833333333333333,0.0833333333333333,0.0833333333333333,0.166666666666667,0.0833333333333333,0.166666666666667,0,0.166666666666667,0,0,0,0,0,0,0,0,0,0,0.333333333333333,0,0.166666666666667,NA,0,NA,NA,NA,NA,NA,0,0.333333333333333,0,0,0.333333333333333,0.666666666666667,0.333333333333333,1,NA,0.833333333333333,NA,NA,NA,NA,NA,0,1,0,0,1,3,1,5,0,5,0,0,0,0,0,3,2,3,3,2,1,2,0,0,1,0,0,0,0,0,0,0,0,0,0,1,0,1,0,0,0,0,0,0,0,0,0,0,0,0,1,0,0,0,0,0,0,0,0,0,0,0.333333333333333,0,0,0.333333333333333,0.5,0.333333333333333,0.833333333333333,NA,0.833333333333333,NA,NA,NA,NA,NA,1,0.666666666666667,1,1,0.666666666666667,0.166666666666667,0.666666666666667,0,NA,0.166666666666667,NA,NA,NA,NA,NA,0,0,0,0,0,0.166666666666667,0,0.166666666666667,NA,0,NA,NA,NA,NA,NA,0,0,0,0,0,0.166666666666667,0,0,NA,0,NA,NA,NA,NA,NA
"27",3,3,6,3,3,0,6,3,0,0,6,0,0,0,0,0,0,0,1,0,0,1,0,0,0,1,0,0,0,0,0,1,3,1,0,0,3,1,0,0,5,0,0,0,0,0.0909090909090909,0.0909090909090909,0.181818181818182,0.0909090909090909,0.0909090909090909,0,0.181818181818182,0.0909090909090909,0,0,0.181818181818182,0,0,0,0,0,0,0,0.333333333333333,0,NA,0.166666666666667,0,NA,NA,0.166666666666667,NA,NA,NA,NA,0,0.333333333333333,0.5,0.333333333333333,0,NA,0.5,0.333333333333333,NA,NA,0.833333333333333,NA,NA,NA,NA,0,1,3,1,0,0,2,1,0,0,4,0,0,0,0,3,2,3,1,3,0,3,2,0,0,1,0,0,0,0,0,0,0,0,0,0,1,0,0,0,1,0,0,0,0,0,0,0,1,0,0,0,0,0,0,0,0,0,0,0,0,0.333333333333333,0.5,0.333333333333333,0,NA,0.333333333333333,0.333333333333333,NA,NA,0.666666666666667,NA,NA,NA,NA,1,0.666666666666667,0.5,0.333333333333333,1,NA,0.5,0.666666666666667,NA,NA,0.166666666666667,NA,NA,NA,NA,0,0,0,0,0,NA,0.166666666666667,0,NA,NA,0.166666666666667,NA,NA,NA,NA,0,0,0,0.333333333333333,0,NA,0,0,NA,NA,0,NA,NA,NA,NA
"28",3,3,3,3,6,6,3,0,0,3,0,0,6,0,0,0,0,0,0,0,1,0,0,0,1,0,0,1,0,0,1,0,1,0,3,4,1,0,0,1,0,0,4,0,0,0.0833333333333333,0.0833333333333333,0.0833333333333333,0.0833333333333333,0.166666666666667,0.166666666666667,0.0833333333333333,0,0,0.0833333333333333,0,0,0.166666666666667,0,0,0,0,0,0,0,0.166666666666667,0,NA,NA,0.333333333333333,NA,NA,0.166666666666667,NA,NA,0.333333333333333,0,0.333333333333333,0,0.5,0.666666666666667,0.333333333333333,NA,NA,0.333333333333333,NA,NA,0.666666666666667,NA,NA,1,0,1,0,3,3,1,0,0,0,0,0,4,0,0,2,3,2,3,3,2,2,0,0,2,0,0,1,0,0,0,0,0,0,0,1,0,0,0,1,0,0,0,0,0,0,0,0,0,0,0,0,0,0,0,0,0,1,0,0,0.333333333333333,0,0.333333333333333,0,0.5,0.5,0.333333333333333,NA,NA,0,NA,NA,0.666666666666667,NA,NA,0.666666666666667,1,0.666666666666667,1,0.5,0.333333333333333,0.666666666666667,NA,NA,0.666666666666667,NA,NA,0.166666666666667,NA,NA,0,0,0,0,0,0.166666666666667,0,NA,NA,0.333333333333333,NA,NA,0,NA,NA,0,0,0,0,0,0,0,NA,NA,0,NA,NA,0.166666666666667,NA,NA
"29",3,3,3,6,3,6,3,6,0,3,0,0,6,0,0,0,0,0,1,0,0,0,0,0,0,0,0,2,0,0,1,1,0,2,1,3,1,4,0,1,0,0,5,0,0,0.0714285714285714,0.0714285714285714,0.0714285714285714,0.142857142857143,0.0714285714285714,0.142857142857143,0.0714285714285714,0.142857142857143,0,0.0714285714285714,0,0,0.142857142857143,0,0,0,0,0,0.166666666666667,0,0,0,0,NA,0,NA,NA,0.333333333333333,NA,NA,0.333333333333333,0.333333333333333,0,0.333333333333333,0.333333333333333,0.5,0.333333333333333,0.666666666666667,NA,0.333333333333333,NA,NA,0.833333333333333,NA,NA,1,1,0,2,1,3,1,4,0,1,0,0,4,0,0,2,2,3,3,2,3,2,2,0,2,0,0,0,0,0,0,0,0,0,0,0,0,0,0,0,0,0,1,0,0,0,0,0,1,0,0,0,0,0,0,0,0,1,0,0,0.333333333333333,0.333333333333333,0,0.333333333333333,0.333333333333333,0.5,0.333333333333333,0.666666666666667,NA,0.333333333333333,NA,NA,0.666666666666667,NA,NA,0.666666666666667,0.666666666666667,1,0.5,0.666666666666667,0.5,0.666666666666667,0.333333333333333,NA,0.666666666666667,NA,NA,0,NA,NA,0,0,0,0,0,0,0,0,NA,0,NA,NA,0.166666666666667,NA,NA,0,0,0,0.166666666666667,0,0,0,0,NA,0,NA,NA,0.166666666666667,NA,NA
"30",6,3,3,3,6,3,3,0,6,3,0,0,6,0,0,0,0,0,0,0,1,1,0,2,0,0,0,2,0,0,2,0,1,1,4,0,1,0,4,1,0,0,5,0,0,0.142857142857143,0.0714285714285714,0.0714285714285714,0.0714285714285714,0.142857142857143,0.0714285714285714,0.0714285714285714,0,0.142857142857143,0.0714285714285714,0,0,0.142857142857143,0,0,0,0,0,0,0,0.333333333333333,0.333333333333333,NA,0.333333333333333,0,NA,NA,0.333333333333333,NA,NA,0.333333333333333,0,0.333333333333333,0.333333333333333,0.666666666666667,0,0.333333333333333,NA,0.666666666666667,0.333333333333333,NA,NA,0.833333333333333,NA,NA,2,0,1,1,4,0,1,0,3,1,0,0,3,0,0,4,3,2,2,2,2,1,0,1,2,0,0,1,0,0,0,0,0,0,0,0,0,0,1,0,0,0,2,0,0,0,0,0,0,0,1,1,0,1,0,0,0,0,0,0,0.333333333333333,0,0.333333333333333,0.333333333333333,0.666666666666667,0,0.333333333333333,NA,0.5,0.333333333333333,NA,NA,0.5,NA,NA,0.666666666666667,1,0.666666666666667,0.666666666666667,0.333333333333333,0.666666666666667,0.333333333333333,NA,0.166666666666667,0.666666666666667,NA,NA,0.166666666666667,NA,NA,0,0,0,0,0,0,0,NA,0.166666666666667,0,NA,NA,0.333333333333333,NA,NA,0,0,0,0,0,0.333333333333333,0.333333333333333,NA,0.166666666666667,0,NA,NA,0,NA,NA
"31",3,3,3,3,3,6,6,3,0,0,6,0,0,0,0,0,0,0,0,0,1,1,0,0,0,1,0,0,0,0,0,0,1,1,0,4,3,1,0,0,4,0,0,0,0,0.0833333333333333,0.0833333333333333,0.0833333333333333,0.0833333333333333,0.0833333333333333,0.166666666666667,0.166666666666667,0.0833333333333333,0,0,0.166666666666667,0,0,0,0,0,0,0,0,0,0.166666666666667,0.166666666666667,0,NA,NA,0.166666666666667,NA,NA,NA,NA,0,0,0.333333333333333,0.333333333333333,0,0.666666666666667,0.5,0.333333333333333,NA,NA,0.666666666666667,NA,NA,NA,NA,0,0,1,1,0,3,3,1,0,0,3,0,0,0,0,3,3,2,2,3,2,2,2,0,0,2,0,0,0,0,0,0,0,0,0,1,0,0,0,0,1,0,0,0,0,0,0,0,0,0,0,1,0,0,0,0,0,0,0,0,0,0,0.333333333333333,0.333333333333333,0,0.5,0.5,0.333333333333333,NA,NA,0.5,NA,NA,NA,NA,1,1,0.666666666666667,0.666666666666667,1,0.333333333333333,0.333333333333333,0.666666666666667,NA,NA,0.333333333333333,NA,NA,NA,NA,0,0,0,0,0,0.166666666666667,0,0,NA,NA,0.166666666666667,NA,NA,NA,NA,0,0,0,0,0,0,0.166666666666667,0,NA,NA,0,NA,NA,NA,NA
"32",3,3,3,3,6,6,6,6,0,6,0,0,0,0,0,0,0,0,0,0,0,0,1,0,2,0,0,0,0,0,0,0,0,0,2,4,0,4,0,4,0,0,0,0,0,0.0714285714285714,0.0714285714285714,0.0714285714285714,0.0714285714285714,0.142857142857143,0.142857142857143,0.142857142857143,0.142857142857143,0,0.142857142857143,0,0,0,0,0,0,0,0,0,0,0,0,0.166666666666667,NA,0.333333333333333,NA,NA,NA,NA,NA,0,0,0,0,0.333333333333333,0.666666666666667,0,0.666666666666667,NA,0.666666666666667,NA,NA,NA,NA,NA,0,0,0,0,2,4,0,4,0,2,0,0,0,0,0,3,3,3,3,4,2,6,1,0,2,0,0,0,0,0,0,0,0,0,0,0,0,0,0,2,0,0,0,0,0,0,0,0,0,0,0,0,1,0,0,0,0,0,0,0,0,0,0,0,0.333333333333333,0.666666666666667,0,0.666666666666667,NA,0.333333333333333,NA,NA,NA,NA,NA,1,1,1,1,0.666666666666667,0.333333333333333,1,0.166666666666667,NA,0.333333333333333,NA,NA,NA,NA,NA,0,0,0,0,0,0,0,0,NA,0.333333333333333,NA,NA,NA,NA,NA,0,0,0,0,0,0,0,0.166666666666667,NA,0,NA,NA,NA,NA,NA
"33",3,3,3,3,3,6,3,6,0,6,0,0,0,0,0,0,0,1,0,0,1,1,0,0,0,0,0,0,0,0,0,1,1,1,1,4,1,3,0,4,0,0,0,0,0,0.0833333333333333,0.0833333333333333,0.0833333333333333,0.0833333333333333,0.0833333333333333,0.166666666666667,0.0833333333333333,0.166666666666667,0,0.166666666666667,0,0,0,0,0,0,0,0.333333333333333,0,0,0.166666666666667,0.333333333333333,0,NA,0,NA,NA,NA,NA,NA,0,0.333333333333333,0.333333333333333,0.333333333333333,0.333333333333333,0.666666666666667,0.333333333333333,0.5,NA,0.666666666666667,NA,NA,NA,NA,NA,0,1,1,1,1,3,1,3,0,4,0,0,0,0,0,3,2,1,2,2,2,1,3,0,2,0,0,0,0,0,0,0,0,0,0,1,0,0,0,0,0,0,0,0,0,0,0,1,0,0,0,1,0,0,0,0,0,0,0,0,0,0.333333333333333,0.333333333333333,0.333333333333333,0.333333333333333,0.5,0.333333333333333,0.5,NA,0.666666666666667,NA,NA,NA,NA,NA,1,0.666666666666667,0.333333333333333,0.666666666666667,0.666666666666667,0.333333333333333,0.333333333333333,0.5,NA,0.333333333333333,NA,NA,NA,NA,NA,0,0,0,0,0,0.166666666666667,0,0,NA,0,NA,NA,NA,NA,NA,0,0,0.333333333333333,0,0,0,0.333333333333333,0,NA,0,NA,NA,NA,NA,NA
"34",3,6,6,6,6,0,6,6,0,0,0,0,0,0,0,0,1,1,0,0,0,1,3,0,0,0,0,0,0,0,1,2,4,2,1,0,4,4,0,0,0,0,0,0,0,0.0769230769230769,0.153846153846154,0.153846153846154,0.153846153846154,0.153846153846154,0,0.153846153846154,0.153846153846154,0,0,0,0,0,0,0,0,0.166666666666667,0.166666666666667,0,0,NA,0.166666666666667,0.5,NA,NA,NA,NA,NA,NA,NA,0.333333333333333,0.333333333333333,0.666666666666667,0.333333333333333,0.166666666666667,NA,0.666666666666667,0.666666666666667,NA,NA,NA,NA,NA,NA,NA,1,2,3,2,1,0,3,2,0,0,0,0,0,0,0,2,3,2,4,5,0,2,1,0,0,0,0,0,0,0,0,0,1,0,0,0,1,2,0,0,0,0,0,0,0,0,1,0,0,0,0,0,1,0,0,0,0,0,0,0,0.333333333333333,0.333333333333333,0.5,0.333333333333333,0.166666666666667,NA,0.5,0.333333333333333,NA,NA,NA,NA,NA,NA,NA,0.666666666666667,0.5,0.333333333333333,0.666666666666667,0.833333333333333,NA,0.333333333333333,0.166666666666667,NA,NA,NA,NA,NA,NA,NA,0,0,0.166666666666667,0,0,NA,0.166666666666667,0.333333333333333,NA,NA,NA,NA,NA,NA,NA,0,0.166666666666667,0,0,0,NA,0,0.166666666666667,NA,NA,NA,NA,NA,NA,NA
"35",3,3,3,3,3,6,6,6,0,3,0,0,6,0,0,0,0,0,0,0,0,0,0,0,0,0,0,2,0,0,1,0,0,0,0,5,2,5,0,0,0,0,6,0,0,0.0714285714285714,0.0714285714285714,0.0714285714285714,0.0714285714285714,0.0714285714285714,0.142857142857143,0.142857142857143,0.142857142857143,0,0.0714285714285714,0,0,0.142857142857143,0,0,0,0,0,0,0,0,0,0,NA,0,NA,NA,0.333333333333333,NA,NA,0.333333333333333,0,0,0,0,0.833333333333333,0.333333333333333,0.833333333333333,NA,0,NA,NA,1,NA,NA,1,0,0,0,0,5,2,5,0,0,0,0,4,0,0,2,3,3,3,3,1,4,1,0,3,0,0,0,0,0,0,0,0,0,0,0,0,0,0,0,0,0,2,0,0,0,0,0,0,0,0,0,0,0,0,0,0,0,0,0,0.333333333333333,0,0,0,0,0.833333333333333,0.333333333333333,0.833333333333333,NA,0,NA,NA,0.666666666666667,NA,NA,0.666666666666667,1,1,1,1,0.166666666666667,0.666666666666667,0.166666666666667,NA,1,NA,NA,0,NA,NA,0,0,0,0,0,0,0,0,NA,0,NA,NA,0.333333333333333,NA,NA,0,0,0,0,0,0,0,0,NA,0,NA,NA,0,NA,NA
"36",3,3,3,3,3,6,3,3,0,6,6,0,0,0,0,0,1,0,1,0,1,0,0,0,0,2,0,0,0,0,1,1,1,1,0,4,0,1,0,5,4,0,0,0,0,0.0769230769230769,0.0769230769230769,0.0769230769230769,0.0769230769230769,0.0769230769230769,0.153846153846154,0.0769230769230769,0.0769230769230769,0,0.153846153846154,0.153846153846154,0,0,0,0,0,0.333333333333333,0,0.333333333333333,0,0.166666666666667,0,0,NA,0,0.333333333333333,NA,NA,NA,NA,0.333333333333333,0.333333333333333,0.333333333333333,0.333333333333333,0,0.666666666666667,0,0.333333333333333,NA,0.833333333333333,0.666666666666667,NA,NA,NA,NA,1,1,1,0,0,3,0,1,0,5,3,0,0,0,0,2,1,2,2,3,2,3,2,0,1,1,0,0,0,0,0,0,0,1,0,1,0,0,0,0,1,0,0,0,0,0,1,0,0,0,0,0,0,0,0,1,0,0,0,0,0.333333333333333,0.333333333333333,0.333333333333333,0,0,0.5,0,0.333333333333333,NA,0.833333333333333,0.5,NA,NA,NA,NA,0.666666666666667,0.333333333333333,0.666666666666667,0.666666666666667,1,0.333333333333333,1,0.666666666666667,NA,0.166666666666667,0.166666666666667,NA,NA,NA,NA,0,0,0,0.333333333333333,0,0.166666666666667,0,0,NA,0,0.166666666666667,NA,NA,NA,NA,0,0.333333333333333,0,0,0,0,0,0,NA,0,0.166666666666667,NA,NA,NA,NA
"37",3,3,3,3,3,3,3,3,6,6,6,0,0,0,0,0,0,1,0,0,0,0,0,0,0,2,0,0,0,0,0,1,1,1,1,1,0,1,6,4,5,0,0,0,0,0.0714285714285714,0.0714285714285714,0.0714285714285714,0.0714285714285714,0.0714285714285714,0.0714285714285714,0.0714285714285714,0.0714285714285714,0.142857142857143,0.142857142857143,0.142857142857143,0,0,0,0,0,0,0.333333333333333,0,0,0,0,0,0,0,0.333333333333333,NA,NA,NA,NA,0,0.333333333333333,0.333333333333333,0.333333333333333,0.333333333333333,0.333333333333333,0,0.333333333333333,1,0.666666666666667,0.833333333333333,NA,NA,NA,NA,0,1,1,1,1,1,0,1,6,4,3,0,0,0,0,3,2,1,2,2,2,3,2,0,2,1,0,0,0,0,0,0,0,0,0,0,0,0,0,0,2,0,0,0,0,0,0,1,0,0,0,0,0,0,0,0,0,0,0,0,0,0.333333333333333,0.333333333333333,0.333333333333333,0.333333333333333,0.333333333333333,0,0.333333333333333,1,0.666666666666667,0.5,NA,NA,NA,NA,1,0.666666666666667,0.333333333333333,0.666666666666667,0.666666666666667,0.666666666666667,1,0.666666666666667,0,0.333333333333333,0.166666666666667,NA,NA,NA,NA,0,0,0,0,0,0,0,0,0,0,0.333333333333333,NA,NA,NA,NA,0,0,0.333333333333333,0,0,0,0,0,0,0,0,NA,NA,NA,NA
"38",3,6,0,3,0,0,3,0,0,6,0,0,6,0,0,0,0,0,0,0,0,0,0,0,0,0,0,2,0,0,1,3,0,0,0,0,0,0,0,0,0,0,3,0,0,0.111111111111111,0.222222222222222,0,0.111111111111111,0,0,0.111111111111111,0,0,0.222222222222222,0,0,0.222222222222222,0,0,0,0,NA,0,NA,NA,0,NA,NA,0,NA,NA,0.333333333333333,NA,NA,0.333333333333333,0.5,NA,0,NA,NA,0,NA,NA,0,NA,NA,0.5,NA,NA,1,3,0,0,0,0,0,0,0,0,0,0,2,0,0,2,3,0,3,0,0,3,0,0,6,0,0,2,0,0,0,0,0,0,0,0,0,0,0,0,0,0,1,0,0,0,0,0,0,0,0,0,0,0,0,0,0,1,0,0,0.333333333333333,0.5,NA,0,NA,NA,0,NA,NA,0,NA,NA,0.333333333333333,NA,NA,0.666666666666667,0.5,NA,1,NA,NA,1,NA,NA,1,NA,NA,0.333333333333333,NA,NA,0,0,NA,0,NA,NA,0,NA,NA,0,NA,NA,0.166666666666667,NA,NA,0,0,NA,0,NA,NA,0,NA,NA,0,NA,NA,0.166666666666667,NA,NA
"39",3,3,3,3,3,6,3,6,0,6,0,0,0,0,0,0,0,1,1,0,0,0,0,0,0,0,0,0,0,0,0,1,1,0,0,4,1,3,0,4,0,0,0,0,0,0.0833333333333333,0.0833333333333333,0.0833333333333333,0.0833333333333333,0.0833333333333333,0.166666666666667,0.0833333333333333,0.166666666666667,0,0.166666666666667,0,0,0,0,0,0,0,0.333333333333333,0.333333333333333,0,0,0,0,NA,0,NA,NA,NA,NA,NA,0,0.333333333333333,0.333333333333333,0,0,0.666666666666667,0.333333333333333,0.5,NA,0.666666666666667,NA,NA,NA,NA,NA,0,1,1,0,0,4,1,3,0,4,0,0,0,0,0,3,2,1,2,3,2,2,3,0,2,0,0,0,0,0,0,0,0,0,0,0,0,0,0,0,0,0,0,0,0,0,0,1,1,0,0,0,0,0,0,0,0,0,0,0,0,0.333333333333333,0.333333333333333,0,0,0.666666666666667,0.333333333333333,0.5,NA,0.666666666666667,NA,NA,NA,NA,NA,1,0.666666666666667,0.333333333333333,0.666666666666667,1,0.333333333333333,0.666666666666667,0.5,NA,0.333333333333333,NA,NA,NA,NA,NA,0,0,0,0,0,0,0,0,NA,0,NA,NA,NA,NA,NA,0,0,0.333333333333333,0.333333333333333,0,0,0,0,NA,0,NA,NA,NA,NA,NA
"40",3,3,3,3,3,6,3,6,0,6,3,0,0,0,0,0,0,0,0,0,0,1,0,0,1,2,0,0,0,0,0,0,0,0,1,4,1,3,0,3,1,0,0,0,0,0.0769230769230769,0.0769230769230769,0.0769230769230769,0.0769230769230769,0.0769230769230769,0.153846153846154,0.0769230769230769,0.153846153846154,0,0.153846153846154,0.0769230769230769,0,0,0,0,0,0,0,0,0,0,0.333333333333333,0,NA,0.166666666666667,0.666666666666667,NA,NA,NA,NA,0,0,0,0,0.333333333333333,0.666666666666667,0.333333333333333,0.5,NA,0.5,0.333333333333333,NA,NA,NA,NA,0,0,0,0,1,4,1,3,0,3,0,0,0,0,0,3,3,3,3,2,2,1,3,0,2,1,0,0,0,0,0,0,0,0,0,0,0,0,0,0,1,0,0,0,0,0,0,0,0,0,0,1,0,0,1,1,0,0,0,0,0,0,0,0,0.333333333333333,0.666666666666667,0.333333333333333,0.5,NA,0.5,0,NA,NA,NA,NA,1,1,1,1,0.666666666666667,0.333333333333333,0.333333333333333,0.5,NA,0.333333333333333,0.333333333333333,NA,NA,NA,NA,0,0,0,0,0,0,0,0,NA,0,0.333333333333333,NA,NA,NA,NA,0,0,0,0,0,0,0.333333333333333,0,NA,0.166666666666667,0.333333333333333,NA,NA,NA,NA
"41",3,3,6,6,3,6,3,3,6,3,6,0,0,0,0,0,0,0,0,0,1,0,1,3,0,1,0,0,0,0,0,1,2,2,1,3,1,1,4,3,5,0,0,0,0,0.0625,0.0625,0.125,0.125,0.0625,0.125,0.0625,0.0625,0.125,0.0625,0.125,0,0,0,0,0,0,0,0,0,0.166666666666667,0,0.333333333333333,0.5,0,0.166666666666667,NA,NA,NA,NA,0,0.333333333333333,0.333333333333333,0.333333333333333,0.333333333333333,0.5,0.333333333333333,0.333333333333333,0.666666666666667,1,0.833333333333333,NA,NA,NA,NA,0,1,2,2,1,3,1,0,2,3,4,0,0,0,0,3,2,4,4,2,2,2,2,1,0,1,0,0,0,0,0,0,0,0,0,0,0,1,2,0,1,0,0,0,0,0,0,0,0,0,1,0,0,1,0,0,0,0,0,0,0,0.333333333333333,0.333333333333333,0.333333333333333,0.333333333333333,0.5,0.333333333333333,0,0.333333333333333,1,0.666666666666667,NA,NA,NA,NA,1,0.666666666666667,0.666666666666667,0.666666666666667,0.666666666666667,0.333333333333333,0.666666666666667,0.666666666666667,0.166666666666667,0,0.166666666666667,NA,NA,NA,NA,0,0,0,0,0,0,0,0.333333333333333,0.333333333333333,0,0.166666666666667,NA,NA,NA,NA,0,0,0,0,0,0.166666666666667,0,0,0.166666666666667,0,0,NA,NA,NA,NA
"42",6,3,3,3,3,6,6,6,0,0,0,0,0,0,0,0,0,0,0,0,2,1,0,0,0,0,0,0,0,0,2,1,1,0,0,6,4,4,0,0,0,0,0,0,0,0.166666666666667,0.0833333333333333,0.0833333333333333,0.0833333333333333,0.0833333333333333,0.166666666666667,0.166666666666667,0.166666666666667,0,0,0,0,0,0,0,0,0,0,0,0,0.333333333333333,0.166666666666667,0,NA,NA,NA,NA,NA,NA,NA,0.333333333333333,0.333333333333333,0.333333333333333,0,0,1,0.666666666666667,0.666666666666667,NA,NA,NA,NA,NA,NA,NA,2,1,1,0,0,4,4,4,0,0,0,0,0,0,0,4,2,2,3,3,0,1,2,0,0,0,0,0,0,0,0,0,0,0,0,2,0,0,0,0,0,0,0,0,0,0,0,0,0,0,0,1,0,0,0,0,0,0,0,0,0.333333333333333,0.333333333333333,0.333333333333333,0,0,0.666666666666667,0.666666666666667,0.666666666666667,NA,NA,NA,NA,NA,NA,NA,0.666666666666667,0.666666666666667,0.666666666666667,1,1,0,0.166666666666667,0.333333333333333,NA,NA,NA,NA,NA,NA,NA,0,0,0,0,0,0.333333333333333,0,0,NA,NA,NA,NA,NA,NA,NA,0,0,0,0,0,0,0.166666666666667,0,NA,NA,NA,NA,NA,NA,NA
"43",3,3,3,3,3,6,3,6,0,6,0,0,0,0,0,0,0,0,0,0,1,0,1,0,0,0,0,0,0,0,0,0,0,0,0,3,1,5,0,3,0,0,0,0,0,0.0833333333333333,0.0833333333333333,0.0833333333333333,0.0833333333333333,0.0833333333333333,0.166666666666667,0.0833333333333333,0.166666666666667,0,0.166666666666667,0,0,0,0,0,0,0,0,0,0,0.166666666666667,0,0.166666666666667,NA,0,NA,NA,NA,NA,NA,0,0,0,0,0,0.5,0.333333333333333,0.833333333333333,NA,0.5,NA,NA,NA,NA,NA,0,0,0,0,0,3,1,4,0,3,0,0,0,0,0,3,3,3,3,3,2,2,1,0,3,0,0,0,0,0,0,0,0,0,0,0,0,1,0,0,0,0,0,0,0,0,0,0,0,0,1,0,0,0,0,0,0,0,0,0,0,0,0,0,0,0.5,0.333333333333333,0.666666666666667,NA,0.5,NA,NA,NA,NA,NA,1,1,1,1,1,0.333333333333333,0.666666666666667,0.166666666666667,NA,0.5,NA,NA,NA,NA,NA,0,0,0,0,0,0,0,0.166666666666667,NA,0,NA,NA,NA,NA,NA,0,0,0,0,0,0.166666666666667,0,0,NA,0,NA,NA,NA,NA,NA
"44",3,3,3,3,6,3,3,0,6,6,0,0,0,0,0,0,1,0,0,0,0,1,0,2,0,0,0,0,0,0,1,1,1,0,3,1,1,0,4,4,0,0,0,0,0,0.0833333333333333,0.0833333333333333,0.0833333333333333,0.0833333333333333,0.166666666666667,0.0833333333333333,0.0833333333333333,0,0.166666666666667,0.166666666666667,0,0,0,0,0,0,0.333333333333333,0,0,0,0,0.333333333333333,NA,0.333333333333333,0,NA,NA,NA,NA,NA,0.333333333333333,0.333333333333333,0.333333333333333,0,0.5,0.333333333333333,0.333333333333333,NA,0.666666666666667,0.666666666666667,NA,NA,NA,NA,NA,1,0,1,0,3,1,1,0,4,4,0,0,0,0,0,2,2,2,3,3,2,1,0,0,2,0,0,0,0,0,0,1,0,0,0,0,0,0,0,0,0,0,0,0,0,0,0,0,0,0,0,1,0,2,0,0,0,0,0,0,0.333333333333333,0,0.333333333333333,0,0.5,0.333333333333333,0.333333333333333,NA,0.666666666666667,0.666666666666667,NA,NA,NA,NA,NA,0.666666666666667,0.666666666666667,0.666666666666667,1,0.5,0.666666666666667,0.333333333333333,NA,0,0.333333333333333,NA,NA,NA,NA,NA,0,0.333333333333333,0,0,0,0,0,NA,0,0,NA,NA,NA,NA,NA,0,0,0,0,0,0,0.333333333333333,NA,0.333333333333333,0,NA,NA,NA,NA,NA
"45",3,3,6,3,6,0,3,0,0,6,0,0,0,0,0,0,0,0,1,1,0,0,0,0,1,0,0,0,0,0,0,0,3,0,4,0,0,0,0,5,0,0,0,0,0,0.1,0.1,0.2,0.1,0.2,0,0.1,0,0,0.2,0,0,0,0,0,0,0,0,0.333333333333333,0.166666666666667,NA,0,NA,NA,0.166666666666667,NA,NA,NA,NA,NA,0,0,0.5,0,0.666666666666667,NA,0,NA,NA,0.833333333333333,NA,NA,NA,NA,NA,0,0,3,0,3,0,0,0,0,4,0,0,0,0,0,3,3,3,2,2,0,3,0,0,1,0,0,0,0,0,0,0,0,0,1,0,0,0,0,1,0,0,0,0,0,0,0,0,1,0,0,0,0,0,0,0,0,0,0,0,0,0,0.5,0,0.5,NA,0,NA,NA,0.666666666666667,NA,NA,NA,NA,NA,1,1,0.5,0.666666666666667,0.333333333333333,NA,1,NA,NA,0.166666666666667,NA,NA,NA,NA,NA,0,0,0,0,0.166666666666667,NA,0,NA,NA,0.166666666666667,NA,NA,NA,NA,NA,0,0,0,0.333333333333333,0,NA,0,NA,NA,0,NA,NA,NA,NA,NA
"46",3,3,3,3,3,6,3,6,0,6,0,0,0,0,0,0,1,0,0,0,1,0,0,0,1,0,0,0,0,0,0,0,0,1,0,4,0,5,0,4,0,0,0,0,0,0.0833333333333333,0.0833333333333333,0.0833333333333333,0.0833333333333333,0.0833333333333333,0.166666666666667,0.0833333333333333,0.166666666666667,0,0.166666666666667,0,0,0,0,0,0,0.333333333333333,0,0,0,0.166666666666667,0,0,NA,0.166666666666667,NA,NA,NA,NA,NA,0,0,0,0.333333333333333,0,0.666666666666667,0,0.833333333333333,NA,0.666666666666667,NA,NA,NA,NA,NA,0,0,0,1,0,3,0,5,0,4,0,0,0,0,0,3,2,3,2,3,2,3,1,0,1,0,0,0,0,0,0,0,0,0,0,1,0,0,0,0,0,0,0,0,0,0,1,0,0,0,0,0,0,0,1,0,0,0,0,0,0,0,0,0.333333333333333,0,0.5,0,0.833333333333333,NA,0.666666666666667,NA,NA,NA,NA,NA,1,0.666666666666667,1,0.666666666666667,1,0.333333333333333,1,0.166666666666667,NA,0.166666666666667,NA,NA,NA,NA,NA,0,0,0,0,0,0.166666666666667,0,0,NA,0,NA,NA,NA,NA,NA,0,0.333333333333333,0,0,0,0,0,0,NA,0.166666666666667,NA,NA,NA,NA,NA
"47",3,3,3,6,3,6,6,6,0,0,0,0,0,0,0,0,0,0,1,1,0,1,0,0,0,0,0,0,0,0,0,0,0,2,1,5,3,5,0,0,0,0,0,0,0,0.0833333333333333,0.0833333333333333,0.0833333333333333,0.166666666666667,0.0833333333333333,0.166666666666667,0.166666666666667,0.166666666666667,0,0,0,0,0,0,0,0,0,0,0.166666666666667,0.333333333333333,0,0.166666666666667,0,NA,NA,NA,NA,NA,NA,NA,0,0,0,0.333333333333333,0.333333333333333,0.833333333333333,0.5,0.833333333333333,NA,NA,NA,NA,NA,NA,NA,0,0,0,1,0,5,2,5,0,0,0,0,0,0,0,3,3,3,4,2,1,3,1,0,0,0,0,0,0,0,0,0,0,1,1,0,1,0,0,0,0,0,0,0,0,0,0,0,0,0,0,0,0,0,0,0,0,0,0,0,0,0,0,0.166666666666667,0,0.833333333333333,0.333333333333333,0.833333333333333,NA,NA,NA,NA,NA,NA,NA,1,1,1,0.666666666666667,0.666666666666667,0.166666666666667,0.5,0.166666666666667,NA,NA,NA,NA,NA,NA,NA,0,0,0,0.166666666666667,0.333333333333333,0,0.166666666666667,0,NA,NA,NA,NA,NA,NA,NA,0,0,0,0,0,0,0,0,NA,NA,NA,NA,NA,NA,NA
"48",3,3,6,6,3,6,3,6,0,6,0,0,0,0,0,0,0,1,1,0,2,0,1,0,1,0,0,0,0,0,0,0,0,2,0,5,0,4,0,4,0,0,0,0,0,0.0714285714285714,0.0714285714285714,0.142857142857143,0.142857142857143,0.0714285714285714,0.142857142857143,0.0714285714285714,0.142857142857143,0,0.142857142857143,0,0,0,0,0,0,0,0.166666666666667,0.166666666666667,0,0.333333333333333,0,0.166666666666667,NA,0.166666666666667,NA,NA,NA,NA,NA,0,0,0,0.333333333333333,0,0.833333333333333,0,0.666666666666667,NA,0.666666666666667,NA,NA,NA,NA,NA,0,0,0,2,0,3,0,3,0,3,0,0,0,0,0,3,3,5,3,3,1,3,2,0,2,0,0,0,0,0,0,0,0,0,0,2,0,1,0,1,0,0,0,0,0,0,0,1,1,0,0,0,0,0,0,0,0,0,0,0,0,0,0,0.333333333333333,0,0.5,0,0.5,NA,0.5,NA,NA,NA,NA,NA,1,1,0.833333333333333,0.5,1,0.166666666666667,1,0.333333333333333,NA,0.333333333333333,NA,NA,NA,NA,NA,0,0,0,0,0,0.333333333333333,0,0.166666666666667,NA,0.166666666666667,NA,NA,NA,NA,NA,0,0,0.166666666666667,0.166666666666667,0,0,0,0,NA,0,NA,NA,NA,NA,NA
"49",3,3,3,3,3,6,6,6,0,6,0,0,0,0,0,0,0,1,0,0,0,1,0,0,1,0,0,0,0,0,0,1,0,0,0,5,2,3,0,6,0,0,0,0,0,0.0769230769230769,0.0769230769230769,0.0769230769230769,0.0769230769230769,0.0769230769230769,0.153846153846154,0.153846153846154,0.153846153846154,0,0.153846153846154,0,0,0,0,0,0,0,0.333333333333333,0,0,0,0.166666666666667,0,NA,0.166666666666667,NA,NA,NA,NA,NA,0,0.333333333333333,0,0,0,0.833333333333333,0.333333333333333,0.5,NA,1,NA,NA,NA,NA,NA,0,1,0,0,0,5,1,3,0,5,0,0,0,0,0,3,2,2,3,3,1,4,3,0,0,0,0,0,0,0,0,0,0,0,0,0,1,0,0,1,0,0,0,0,0,0,0,1,0,0,0,0,0,0,0,0,0,0,0,0,0,0.333333333333333,0,0,0,0.833333333333333,0.166666666666667,0.5,NA,0.833333333333333,NA,NA,NA,NA,NA,1,0.666666666666667,0.666666666666667,1,1,0.166666666666667,0.666666666666667,0.5,NA,0,NA,NA,NA,NA,NA,0,0,0,0,0,0,0.166666666666667,0,NA,0.166666666666667,NA,NA,NA,NA,NA,0,0,0.333333333333333,0,0,0,0,0,NA,0,NA,NA,NA,NA,NA
"50",3,3,6,6,3,0,0,3,0,0,6,0,0,0,0,0,0,1,0,0,0,0,0,0,0,1,0,0,0,0,0,0,3,4,0,0,0,1,0,0,5,0,0,0,0,0.1,0.1,0.2,0.2,0.1,0,0,0.1,0,0,0.2,0,0,0,0,0,0,0.166666666666667,0,0,NA,NA,0,NA,NA,0.166666666666667,NA,NA,NA,NA,0,0,0.5,0.666666666666667,0,NA,NA,0.333333333333333,NA,NA,0.833333333333333,NA,NA,NA,NA,0,0,3,4,0,0,0,1,0,0,4,0,0,0,0,3,3,2,2,3,0,0,2,0,0,1,0,0,0,0,0,0,0,0,0,0,0,0,0,0,1,0,0,0,0,0,0,1,0,0,0,0,0,0,0,0,0,0,0,0,0,0,0.5,0.666666666666667,0,NA,NA,0.333333333333333,NA,NA,0.666666666666667,NA,NA,NA,NA,1,1,0.333333333333333,0.333333333333333,1,NA,NA,0.666666666666667,NA,NA,0.166666666666667,NA,NA,NA,NA,0,0,0,0,0,NA,NA,0,NA,NA,0.166666666666667,NA,NA,NA,NA,0,0,0.166666666666667,0,0,NA,NA,0,NA,NA,0,NA,NA,NA,NA
"51",3,3,3,3,3,6,6,6,0,0,0,0,0,0,0,0,0,0,0,0,2,2,0,0,0,0,0,0,0,0,0,1,0,0,0,3,3,4,0,0,0,0,0,0,0,0.0909090909090909,0.0909090909090909,0.0909090909090909,0.0909090909090909,0.0909090909090909,0.181818181818182,0.181818181818182,0.181818181818182,0,0,0,0,0,0,0,0,0,0,0,0,0.333333333333333,0.333333333333333,0,NA,NA,NA,NA,NA,NA,NA,0,0.333333333333333,0,0,0,0.5,0.5,0.666666666666667,NA,NA,NA,NA,NA,NA,NA,0,1,0,0,0,2,3,4,0,0,0,0,0,0,0,3,2,3,3,3,2,1,2,0,0,0,0,0,0,0,0,0,0,0,0,1,0,0,0,0,0,0,0,0,0,0,0,0,0,0,1,2,0,0,0,0,0,0,0,0,0,0.333333333333333,0,0,0,0.333333333333333,0.5,0.666666666666667,NA,NA,NA,NA,NA,NA,NA,1,0.666666666666667,1,1,1,0.333333333333333,0.166666666666667,0.333333333333333,NA,NA,NA,NA,NA,NA,NA,0,0,0,0,0,0.166666666666667,0,0,NA,NA,NA,NA,NA,NA,NA,0,0,0,0,0,0.166666666666667,0.333333333333333,0,NA,NA,NA,NA,NA,NA,NA
"52",3,6,0,6,0,0,6,0,0,0,0,0,0,0,0,1,0,0,0,0,0,0,0,0,0,0,0,0,0,0,0,3,0,2,0,0,3,0,0,0,0,0,0,0,0,0.142857142857143,0.285714285714286,0,0.285714285714286,0,0,0.285714285714286,0,0,0,0,0,0,0,0,0.333333333333333,0,NA,0,NA,NA,0,NA,NA,NA,NA,NA,NA,NA,NA,0,0.5,NA,0.333333333333333,NA,NA,0.5,NA,NA,NA,NA,NA,NA,NA,NA,0,3,0,2,0,0,3,0,0,0,0,0,0,0,0,2,3,0,4,0,0,3,0,0,0,0,0,0,0,0,0,0,0,0,0,0,0,0,0,0,0,0,0,0,0,1,0,0,0,0,0,0,0,0,0,0,0,0,0,0,0,0.5,NA,0.333333333333333,NA,NA,0.5,NA,NA,NA,NA,NA,NA,NA,NA,0.666666666666667,0.5,NA,0.666666666666667,NA,NA,0.5,NA,NA,NA,NA,NA,NA,NA,NA,0,0,NA,0,NA,NA,0,NA,NA,NA,NA,NA,NA,NA,NA,0.333333333333333,0,NA,0,NA,NA,0,NA,NA,NA,NA,NA,NA,NA,NA
"53",3,3,3,3,3,6,3,6,3,3,6,0,6,0,0,0,0,0,0,0,1,1,2,2,0,3,0,1,0,0,1,1,0,0,1,4,0,2,2,0,3,0,6,0,0,0.0625,0.0625,0.0625,0.0625,0.0625,0.125,0.0625,0.125,0.0625,0.0625,0.125,0,0.125,0,0,0,0,0,0,0,0.166666666666667,0.333333333333333,0.333333333333333,0.666666666666667,0,0.5,NA,0.166666666666667,NA,NA,0.333333333333333,0.333333333333333,0,0,0.333333333333333,0.666666666666667,0,0.333333333333333,0.666666666666667,0,0.5,NA,1,NA,NA,1,1,0,0,1,3,0,1,0,0,1,0,5,0,0,2,2,3,3,2,2,2,3,1,3,2,0,0,0,0,0,0,0,0,0,1,0,1,2,0,2,0,1,0,0,0,0,0,0,0,0,1,1,0,0,1,0,0,0,0,0.333333333333333,0.333333333333333,0,0,0.333333333333333,0.5,0,0.166666666666667,0,0,0.166666666666667,NA,0.833333333333333,NA,NA,0.666666666666667,0.666666666666667,1,1,0.666666666666667,0.333333333333333,0.666666666666667,0.5,0.333333333333333,1,0.333333333333333,NA,0,NA,NA,0,0,0,0,0,0.166666666666667,0,0.166666666666667,0.666666666666667,0,0.333333333333333,NA,0.166666666666667,NA,NA,0,0,0,0,0,0,0.333333333333333,0.166666666666667,0,0,0.166666666666667,NA,0,NA,NA
"54",3,3,3,3,3,6,3,6,0,6,0,0,6,0,0,0,0,0,0,0,0,0,1,0,1,0,0,3,0,0,0,1,1,0,0,4,1,4,0,2,0,0,3,0,0,0.0714285714285714,0.0714285714285714,0.0714285714285714,0.0714285714285714,0.0714285714285714,0.142857142857143,0.0714285714285714,0.142857142857143,0,0.142857142857143,0,0,0.142857142857143,0,0,0,0,0,0,0,0,0,0.166666666666667,NA,0.166666666666667,NA,NA,0.5,NA,NA,0,0.333333333333333,0.333333333333333,0,0,0.666666666666667,0.333333333333333,0.666666666666667,NA,0.333333333333333,NA,NA,0.5,NA,NA,0,1,1,0,0,4,1,3,0,1,0,0,1,0,0,3,2,2,3,3,2,2,2,0,4,0,0,2,0,0,0,0,0,0,0,0,0,1,0,1,0,0,2,0,0,0,0,0,0,0,0,0,0,0,0,0,0,1,0,0,0,0.333333333333333,0.333333333333333,0,0,0.666666666666667,0.333333333333333,0.5,NA,0.166666666666667,NA,NA,0.166666666666667,NA,NA,1,0.666666666666667,0.666666666666667,1,1,0.333333333333333,0.666666666666667,0.333333333333333,NA,0.666666666666667,NA,NA,0.333333333333333,NA,NA,0,0,0,0,0,0,0,0.166666666666667,NA,0.166666666666667,NA,NA,0.333333333333333,NA,NA,0,0,0,0,0,0,0,0,NA,0,NA,NA,0.166666666666667,NA,NA
"55",3,3,3,3,3,6,3,6,0,6,0,0,0,0,0,0,0,0,0,0,0,0,1,0,2,0,0,0,0,0,0,0,0,0,0,4,0,4,0,5,0,0,0,0,0,0.0833333333333333,0.0833333333333333,0.0833333333333333,0.0833333333333333,0.0833333333333333,0.166666666666667,0.0833333333333333,0.166666666666667,0,0.166666666666667,0,0,0,0,0,0,0,0,0,0,0,0,0.166666666666667,NA,0.333333333333333,NA,NA,NA,NA,NA,0,0,0,0,0,0.666666666666667,0,0.666666666666667,NA,0.833333333333333,NA,NA,NA,NA,NA,0,0,0,0,0,4,0,3,0,4,0,0,0,0,0,3,3,3,3,3,2,3,2,0,0,0,0,0,0,0,0,0,0,0,0,0,0,1,0,1,0,0,0,0,0,0,0,0,0,0,0,0,0,0,1,0,0,0,0,0,0,0,0,0,0,0.666666666666667,0,0.5,NA,0.666666666666667,NA,NA,NA,NA,NA,1,1,1,1,1,0.333333333333333,1,0.333333333333333,NA,0,NA,NA,NA,NA,NA,0,0,0,0,0,0,0,0.166666666666667,NA,0.166666666666667,NA,NA,NA,NA,NA,0,0,0,0,0,0,0,0,NA,0.166666666666667,NA,NA,NA,NA,NA
"56",3,3,3,3,6,6,3,6,0,6,3,0,0,0,0,0,0,0,0,1,0,0,3,0,0,2,0,0,0,0,1,0,0,1,2,4,1,3,0,6,3,0,0,0,0,0.0714285714285714,0.0714285714285714,0.0714285714285714,0.0714285714285714,0.142857142857143,0.142857142857143,0.0714285714285714,0.142857142857143,0,0.142857142857143,0.0714285714285714,0,0,0,0,0,0,0,0,0.166666666666667,0,0,0.5,NA,0,0.666666666666667,NA,NA,NA,NA,0.333333333333333,0,0,0.333333333333333,0.333333333333333,0.666666666666667,0.333333333333333,0.5,NA,1,1,NA,NA,NA,NA,1,0,0,1,2,4,1,2,0,6,1,0,0,0,0,2,3,3,2,3,2,2,1,0,0,0,0,0,0,0,0,0,0,0,0,0,0,1,0,0,2,0,0,0,0,0,0,0,0,1,0,0,2,0,0,0,0,0,0,0,0.333333333333333,0,0,0.333333333333333,0.333333333333333,0.666666666666667,0.333333333333333,0.333333333333333,NA,1,0.333333333333333,NA,NA,NA,NA,0.666666666666667,1,1,0.666666666666667,0.5,0.333333333333333,0.666666666666667,0.166666666666667,NA,0,0,NA,NA,NA,NA,0,0,0,0,0,0,0,0.166666666666667,NA,0,0.666666666666667,NA,NA,NA,NA,0,0,0,0,0.166666666666667,0,0,0.333333333333333,NA,0,0,NA,NA,NA,NA
"57",3,3,6,3,3,3,3,6,0,6,6,0,0,0,0,0,0,0,0,0,2,0,2,0,0,3,0,0,0,0,0,1,2,0,1,2,1,3,0,5,6,0,0,0,0,0.0714285714285714,0.0714285714285714,0.142857142857143,0.0714285714285714,0.0714285714285714,0.0714285714285714,0.0714285714285714,0.142857142857143,0,0.142857142857143,0.142857142857143,0,0,0,0,0,0,0,0,0,0.666666666666667,0,0.333333333333333,NA,0,0.5,NA,NA,NA,NA,0,0.333333333333333,0.333333333333333,0,0.333333333333333,0.666666666666667,0.333333333333333,0.5,NA,0.833333333333333,1,NA,NA,NA,NA,0,1,2,0,1,0,1,1,0,5,3,0,0,0,0,3,2,4,3,2,1,2,3,0,1,0,0,0,0,0,0,0,0,0,0,2,0,2,0,0,3,0,0,0,0,0,0,0,0,0,0,0,0,0,0,0,0,0,0,0,0,0.333333333333333,0.333333333333333,0,0.333333333333333,0,0.333333333333333,0.166666666666667,NA,0.833333333333333,0.5,NA,NA,NA,NA,1,0.666666666666667,0.666666666666667,1,0.666666666666667,0.333333333333333,0.666666666666667,0.5,NA,0.166666666666667,0,NA,NA,NA,NA,0,0,0,0,0,0.666666666666667,0,0.333333333333333,NA,0,0.5,NA,NA,NA,NA,0,0,0,0,0,0,0,0,NA,0,0,NA,NA,NA,NA
"58",3,3,6,3,3,0,3,6,0,6,0,0,0,0,0,0,1,0,0,0,0,0,1,0,0,0,0,0,0,0,0,1,3,0,0,0,0,5,0,4,0,0,0,0,0,0.0909090909090909,0.0909090909090909,0.181818181818182,0.0909090909090909,0.0909090909090909,0,0.0909090909090909,0.181818181818182,0,0.181818181818182,0,0,0,0,0,0,0.333333333333333,0,0,0,NA,0,0.166666666666667,NA,0,NA,NA,NA,NA,NA,0,0.333333333333333,0.5,0,0,NA,0,0.833333333333333,NA,0.666666666666667,NA,NA,NA,NA,NA,0,1,3,0,0,0,0,4,0,4,0,0,0,0,0,3,1,3,3,3,0,3,1,0,2,0,0,0,0,0,0,0,0,0,0,0,0,1,0,0,0,0,0,0,0,0,1,0,0,0,0,0,0,0,0,0,0,0,0,0,0,0.333333333333333,0.5,0,0,NA,0,0.666666666666667,NA,0.666666666666667,NA,NA,NA,NA,NA,1,0.333333333333333,0.5,1,1,NA,1,0.166666666666667,NA,0.333333333333333,NA,NA,NA,NA,NA,0,0,0,0,0,NA,0,0.166666666666667,NA,0,NA,NA,NA,NA,NA,0,0.333333333333333,0,0,0,NA,0,0,NA,0,NA,NA,NA,NA,NA
"59",3,3,3,3,6,6,6,0,0,0,0,0,0,0,0,0,0,0,0,0,1,1,0,0,0,0,0,0,0,0,0,0,1,0,3,4,4,0,0,0,0,0,0,0,0,0.1,0.1,0.1,0.1,0.2,0.2,0.2,0,0,0,0,0,0,0,0,0,0,0,0,0,0.166666666666667,0.166666666666667,NA,NA,NA,NA,NA,NA,NA,NA,0,0,0.333333333333333,0,0.5,0.666666666666667,0.666666666666667,NA,NA,NA,NA,NA,NA,NA,NA,0,0,1,0,3,4,4,0,0,0,0,0,0,0,0,3,3,2,3,3,1,1,0,0,0,0,0,0,0,0,0,0,0,0,0,0,0,0,0,0,0,0,0,0,0,0,0,0,0,0,1,1,0,0,0,0,0,0,0,0,0,0,0.333333333333333,0,0.5,0.666666666666667,0.666666666666667,NA,NA,NA,NA,NA,NA,NA,NA,1,1,0.666666666666667,1,0.5,0.166666666666667,0.166666666666667,NA,NA,NA,NA,NA,NA,NA,NA,0,0,0,0,0,0,0,NA,NA,NA,NA,NA,NA,NA,NA,0,0,0,0,0,0.166666666666667,0.166666666666667,NA,NA,NA,NA,NA,NA,NA,NA
"60",3,3,6,3,3,6,3,6,0,6,0,0,0,0,0,0,1,0,1,0,0,0,0,0,0,0,0,0,0,0,1,0,2,0,1,4,0,5,0,5,0,0,0,0,0,0.0769230769230769,0.0769230769230769,0.153846153846154,0.0769230769230769,0.0769230769230769,0.153846153846154,0.0769230769230769,0.153846153846154,0,0.153846153846154,0,0,0,0,0,0,0.333333333333333,0,0.333333333333333,0,0,0,0,NA,0,NA,NA,NA,NA,NA,0.333333333333333,0,0.333333333333333,0,0.333333333333333,0.666666666666667,0,0.833333333333333,NA,0.833333333333333,NA,NA,NA,NA,NA,1,0,2,0,1,4,0,5,0,5,0,0,0,0,0,2,2,4,2,2,2,3,1,0,1,0,0,0,0,0,0,0,0,0,0,0,0,0,0,0,0,0,0,0,0,0,1,0,1,0,0,0,0,0,0,0,0,0,0,0,0.333333333333333,0,0.333333333333333,0,0.333333333333333,0.666666666666667,0,0.833333333333333,NA,0.833333333333333,NA,NA,NA,NA,NA,0.666666666666667,0.666666666666667,0.666666666666667,0.666666666666667,0.666666666666667,0.333333333333333,1,0.166666666666667,NA,0.166666666666667,NA,NA,NA,NA,NA,0,0,0,0,0,0,0,0,NA,0,NA,NA,NA,NA,NA,0,0.333333333333333,0,0.333333333333333,0,0,0,0,NA,0,NA,NA,NA,NA,NA
"61",3,3,3,3,3,6,3,6,0,6,0,0,6,0,0,0,0,0,0,0,0,0,1,0,0,0,0,1,0,0,0,1,1,0,0,3,1,6,0,3,0,0,2,0,0,0.0714285714285714,0.0714285714285714,0.0714285714285714,0.0714285714285714,0.0714285714285714,0.142857142857143,0.0714285714285714,0.142857142857143,0,0.142857142857143,0,0,0.142857142857143,0,0,0,0,0,0,0,0,0,0.166666666666667,NA,0,NA,NA,0.166666666666667,NA,NA,0,0.333333333333333,0.333333333333333,0,0,0.5,0.333333333333333,1,NA,0.5,NA,NA,0.333333333333333,NA,NA,0,1,1,0,0,3,1,5,0,3,0,0,1,0,0,3,2,2,3,3,3,2,0,0,3,0,0,4,0,0,0,0,0,0,0,0,0,1,0,0,0,0,1,0,0,0,0,0,0,0,0,0,0,0,0,0,0,0,0,0,0,0.333333333333333,0.333333333333333,0,0,0.5,0.333333333333333,0.833333333333333,NA,0.5,NA,NA,0.166666666666667,NA,NA,1,0.666666666666667,0.666666666666667,1,1,0.5,0.666666666666667,0,NA,0.5,NA,NA,0.666666666666667,NA,NA,0,0,0,0,0,0,0,0.166666666666667,NA,0,NA,NA,0.166666666666667,NA,NA,0,0,0,0,0,0,0,0,NA,0,NA,NA,0,NA,NA
"62",3,3,3,3,3,3,3,6,3,6,0,6,3,0,0,0,0,0,1,1,0,0,1,1,0,0,2,2,0,0,0,0,1,0,0,1,0,5,1,3,0,6,3,0,0,0.0666666666666667,0.0666666666666667,0.0666666666666667,0.0666666666666667,0.0666666666666667,0.0666666666666667,0.0666666666666667,0.133333333333333,0.0666666666666667,0.133333333333333,0,0.133333333333333,0.0666666666666667,0,0,0,0,0,0.333333333333333,0.333333333333333,0,0,0.166666666666667,0.333333333333333,0,NA,0.333333333333333,0.666666666666667,NA,NA,0,0,0.333333333333333,0,0,0.333333333333333,0,0.833333333333333,0.333333333333333,0.5,NA,1,1,NA,NA,0,0,1,0,0,1,0,4,0,3,0,4,1,0,0,3,3,2,2,2,2,3,1,2,3,0,0,0,0,0,0,0,0,0,0,0,0,1,1,0,0,2,2,0,0,0,0,0,1,1,0,0,0,0,0,0,0,0,0,0,0,0,0.333333333333333,0,0,0.333333333333333,0,0.666666666666667,0,0.5,NA,0.666666666666667,0.333333333333333,NA,NA,1,1,0.666666666666667,0.666666666666667,0.666666666666667,0.666666666666667,1,0.166666666666667,0.666666666666667,0.5,NA,0,0,NA,NA,0,0,0,0,0,0,0,0.166666666666667,0.333333333333333,0,NA,0.333333333333333,0.666666666666667,NA,NA,0,0,0,0.333333333333333,0.333333333333333,0,0,0,0,0,NA,0,0,NA,NA
"63",3,3,3,3,3,6,3,6,0,6,0,0,0,0,0,0,0,0,0,0,1,0,0,0,0,0,0,0,0,0,1,1,0,1,1,4,1,5,0,3,0,0,0,0,0,0.0833333333333333,0.0833333333333333,0.0833333333333333,0.0833333333333333,0.0833333333333333,0.166666666666667,0.0833333333333333,0.166666666666667,0,0.166666666666667,0,0,0,0,0,0,0,0,0,0,0.166666666666667,0,0,NA,0,NA,NA,NA,NA,NA,0.333333333333333,0.333333333333333,0,0.333333333333333,0.333333333333333,0.666666666666667,0.333333333333333,0.833333333333333,NA,0.5,NA,NA,NA,NA,NA,1,1,0,1,1,3,1,5,0,3,0,0,0,0,0,2,2,3,2,2,2,2,1,0,3,0,0,0,0,0,0,0,0,0,0,1,0,0,0,0,0,0,0,0,0,0,0,0,0,0,0,0,0,0,0,0,0,0,0,0,0.333333333333333,0.333333333333333,0,0.333333333333333,0.333333333333333,0.5,0.333333333333333,0.833333333333333,NA,0.5,NA,NA,NA,NA,NA,0.666666666666667,0.666666666666667,1,0.666666666666667,0.666666666666667,0.333333333333333,0.666666666666667,0.166666666666667,NA,0.5,NA,NA,NA,NA,NA,0,0,0,0,0,0.166666666666667,0,0,NA,0,NA,NA,NA,NA,NA,0,0,0,0,0,0,0,0,NA,0,NA,NA,NA,NA,NA
"64",3,3,6,3,3,0,3,6,0,6,0,0,0,0,0,0,0,0,0,0,0,0,1,0,0,0,0,0,0,0,1,1,3,1,0,0,0,4,0,4,0,0,0,0,0,0.0909090909090909,0.0909090909090909,0.181818181818182,0.0909090909090909,0.0909090909090909,0,0.0909090909090909,0.181818181818182,0,0.181818181818182,0,0,0,0,0,0,0,0,0,0,NA,0,0.166666666666667,NA,0,NA,NA,NA,NA,NA,0.333333333333333,0.333333333333333,0.5,0.333333333333333,0,NA,0,0.666666666666667,NA,0.666666666666667,NA,NA,NA,NA,NA,1,1,3,1,0,0,0,4,0,4,0,0,0,0,0,2,2,3,2,3,0,3,1,0,2,0,0,0,0,0,0,0,0,0,0,0,0,0,0,0,0,0,0,0,0,0,0,0,0,0,0,0,1,0,0,0,0,0,0,0,0.333333333333333,0.333333333333333,0.5,0.333333333333333,0,NA,0,0.666666666666667,NA,0.666666666666667,NA,NA,NA,NA,NA,0.666666666666667,0.666666666666667,0.5,0.666666666666667,1,NA,1,0.166666666666667,NA,0.333333333333333,NA,NA,NA,NA,NA,0,0,0,0,0,NA,0,0,NA,0,NA,NA,NA,NA,NA,0,0,0,0,0,NA,0,0.166666666666667,NA,0,NA,NA,NA,NA,NA
"65",3,3,6,3,6,6,3,0,0,3,0,0,6,0,0,0,0,1,0,0,0,0,0,0,0,0,0,0,0,0,1,0,2,0,3,3,0,0,0,1,0,0,4,0,0,0.0769230769230769,0.0769230769230769,0.153846153846154,0.0769230769230769,0.153846153846154,0.153846153846154,0.0769230769230769,0,0,0.0769230769230769,0,0,0.153846153846154,0,0,0,0,0.166666666666667,0,0,0,0,NA,NA,0,NA,NA,0,NA,NA,0.333333333333333,0,0.333333333333333,0,0.5,0.5,0,NA,NA,0.333333333333333,NA,NA,0.666666666666667,NA,NA,1,0,2,0,3,3,0,0,0,1,0,0,4,0,0,2,3,3,3,3,3,3,0,0,2,0,0,2,0,0,0,0,0,0,0,0,0,0,0,0,0,0,0,0,0,0,0,1,0,0,0,0,0,0,0,0,0,0,0,0,0.333333333333333,0,0.333333333333333,0,0.5,0.5,0,NA,NA,0.333333333333333,NA,NA,0.666666666666667,NA,NA,0.666666666666667,1,0.5,1,0.5,0.5,1,NA,NA,0.666666666666667,NA,NA,0.333333333333333,NA,NA,0,0,0,0,0,0,0,NA,NA,0,NA,NA,0,NA,NA,0,0,0.166666666666667,0,0,0,0,NA,NA,0,NA,NA,0,NA,NA
"66",3,3,3,6,3,3,0,6,6,0,0,0,0,0,0,0,0,0,0,0,0,0,2,1,0,0,0,0,0,0,0,1,0,4,0,1,0,5,3,0,0,0,0,0,0,0.0909090909090909,0.0909090909090909,0.0909090909090909,0.181818181818182,0.0909090909090909,0.0909090909090909,0,0.181818181818182,0.181818181818182,0,0,0,0,0,0,0,0,0,0,0,0,NA,0.333333333333333,0.166666666666667,NA,NA,NA,NA,NA,NA,0,0.333333333333333,0,0.666666666666667,0,0.333333333333333,NA,0.833333333333333,0.5,NA,NA,NA,NA,NA,NA,0,1,0,4,0,1,0,3,3,0,0,0,0,0,0,3,2,3,2,3,2,0,1,2,0,0,0,0,0,0,0,0,0,0,0,0,0,2,0,0,0,0,0,0,0,0,0,0,0,0,0,0,0,1,0,0,0,0,0,0,0,0.333333333333333,0,0.666666666666667,0,0.333333333333333,NA,0.5,0.5,NA,NA,NA,NA,NA,NA,1,0.666666666666667,1,0.333333333333333,1,0.666666666666667,NA,0.166666666666667,0.333333333333333,NA,NA,NA,NA,NA,NA,0,0,0,0,0,0,NA,0.333333333333333,0,NA,NA,NA,NA,NA,NA,0,0,0,0,0,0,NA,0,0.166666666666667,NA,NA,NA,NA,NA,NA
"67",3,3,3,3,6,6,3,0,0,6,0,0,0,0,0,0,0,0,0,0,0,0,0,0,0,0,0,0,0,0,0,1,1,1,4,5,0,0,0,4,0,0,0,0,0,0.0909090909090909,0.0909090909090909,0.0909090909090909,0.0909090909090909,0.181818181818182,0.181818181818182,0.0909090909090909,0,0,0.181818181818182,0,0,0,0,0,0,0,0,0,0,0,0,NA,NA,0,NA,NA,NA,NA,NA,0,0.333333333333333,0.333333333333333,0.333333333333333,0.666666666666667,0.833333333333333,0,NA,NA,0.666666666666667,NA,NA,NA,NA,NA,0,1,1,1,4,5,0,0,0,4,0,0,0,0,0,3,2,2,2,2,1,3,0,0,2,0,0,0,0,0,0,0,0,0,0,0,0,0,0,0,0,0,0,0,0,0,0,0,0,0,0,0,0,0,0,0,0,0,0,0,0,0.333333333333333,0.333333333333333,0.333333333333333,0.666666666666667,0.833333333333333,0,NA,NA,0.666666666666667,NA,NA,NA,NA,NA,1,0.666666666666667,0.666666666666667,0.666666666666667,0.333333333333333,0.166666666666667,1,NA,NA,0.333333333333333,NA,NA,NA,NA,NA,0,0,0,0,0,0,0,NA,NA,0,NA,NA,NA,NA,NA,0,0,0,0,0,0,0,NA,NA,0,NA,NA,NA,NA,NA
"68",3,6,6,3,3,6,3,6,0,6,0,0,0,0,0,0,0,2,0,0,1,0,1,0,1,0,0,0,0,0,1,0,2,0,1,3,0,5,0,4,0,0,0,0,0,0.0714285714285714,0.142857142857143,0.142857142857143,0.0714285714285714,0.0714285714285714,0.142857142857143,0.0714285714285714,0.142857142857143,0,0.142857142857143,0,0,0,0,0,0,0,0.333333333333333,0,0,0.166666666666667,0,0.166666666666667,NA,0.166666666666667,NA,NA,NA,NA,NA,0.333333333333333,0,0.333333333333333,0,0.333333333333333,0.5,0,0.833333333333333,NA,0.666666666666667,NA,NA,NA,NA,NA,1,0,1,0,1,3,0,4,0,3,0,0,0,0,0,2,6,3,3,2,2,3,1,0,2,0,0,0,0,0,0,0,1,0,0,0,0,1,0,1,0,0,0,0,0,0,0,1,0,0,1,0,0,0,0,0,0,0,0,0,0.333333333333333,0,0.166666666666667,0,0.333333333333333,0.5,0,0.666666666666667,NA,0.5,NA,NA,NA,NA,NA,0.666666666666667,1,0.5,1,0.666666666666667,0.333333333333333,1,0.166666666666667,NA,0.333333333333333,NA,NA,NA,NA,NA,0,0,0.166666666666667,0,0,0,0,0.166666666666667,NA,0.166666666666667,NA,NA,NA,NA,NA,0,0,0.166666666666667,0,0,0.166666666666667,0,0,NA,0,NA,NA,NA,NA,NA
"69",3,3,6,3,3,0,6,3,0,6,6,0,0,0,0,0,0,0,0,0,0,2,1,0,3,0,0,0,0,0,0,0,3,0,0,0,0,1,0,3,3,0,0,0,0,0.0769230769230769,0.0769230769230769,0.153846153846154,0.0769230769230769,0.0769230769230769,0,0.153846153846154,0.0769230769230769,0,0.153846153846154,0.153846153846154,0,0,0,0,0,0,0,0,0,NA,0.333333333333333,0.333333333333333,NA,0.5,0,NA,NA,NA,NA,0,0,0.5,0,0,NA,0,0.333333333333333,NA,0.5,0.5,NA,NA,NA,NA,0,0,3,0,0,0,0,1,0,1,3,0,0,0,0,3,3,3,3,3,0,4,1,0,2,3,0,0,0,0,0,0,0,0,0,0,0,0,0,2,0,0,0,0,0,0,0,0,0,0,0,2,1,0,1,0,0,0,0,0,0,0,0.5,0,0,NA,0,0.333333333333333,NA,0.166666666666667,0.5,NA,NA,NA,NA,1,1,0.5,1,1,NA,0.666666666666667,0.333333333333333,NA,0.333333333333333,0.5,NA,NA,NA,NA,0,0,0,0,0,NA,0,0,NA,0.333333333333333,0,NA,NA,NA,NA,0,0,0,0,0,NA,0.333333333333333,0.333333333333333,NA,0.166666666666667,0,NA,NA,NA,NA
"70",6,3,3,3,3,6,6,6,0,0,0,0,0,0,0,0,0,0,0,0,0,1,1,0,0,0,0,0,0,0,2,0,0,0,0,5,3,3,0,0,0,0,0,0,0,0.166666666666667,0.0833333333333333,0.0833333333333333,0.0833333333333333,0.0833333333333333,0.166666666666667,0.166666666666667,0.166666666666667,0,0,0,0,0,0,0,0,0,0,0,0,0,0.166666666666667,0.166666666666667,NA,NA,NA,NA,NA,NA,NA,0.333333333333333,0,0,0,0,0.833333333333333,0.5,0.5,NA,NA,NA,NA,NA,NA,NA,2,0,0,0,0,5,2,3,0,0,0,0,0,0,0,4,3,3,3,3,1,3,2,0,0,0,0,0,0,0,0,0,0,0,0,0,1,0,0,0,0,0,0,0,0,0,0,0,0,0,0,0,1,0,0,0,0,0,0,0,0.333333333333333,0,0,0,0,0.833333333333333,0.333333333333333,0.5,NA,NA,NA,NA,NA,NA,NA,0.666666666666667,1,1,1,1,0.166666666666667,0.5,0.333333333333333,NA,NA,NA,NA,NA,NA,NA,0,0,0,0,0,0,0.166666666666667,0,NA,NA,NA,NA,NA,NA,NA,0,0,0,0,0,0,0,0.166666666666667,NA,NA,NA,NA,NA,NA,NA
"71",3,3,3,6,3,6,0,6,0,0,0,0,0,0,0,0,0,0,0,0,0,0,1,0,0,0,0,0,0,0,0,1,1,3,0,6,0,5,0,0,0,0,0,0,0,0.1,0.1,0.1,0.2,0.1,0.2,0,0.2,0,0,0,0,0,0,0,0,0,0,0,0,0,NA,0.166666666666667,NA,NA,NA,NA,NA,NA,NA,0,0.333333333333333,0.333333333333333,0.5,0,1,NA,0.833333333333333,NA,NA,NA,NA,NA,NA,NA,0,1,1,3,0,6,0,5,0,0,0,0,0,0,0,3,2,2,3,3,0,0,0,0,0,0,0,0,0,0,0,0,0,0,0,0,0,0,0,0,0,0,0,0,0,0,0,0,0,0,0,0,1,0,0,0,0,0,0,0,0,0.333333333333333,0.333333333333333,0.5,0,1,NA,0.833333333333333,NA,NA,NA,NA,NA,NA,NA,1,0.666666666666667,0.666666666666667,0.5,1,0,NA,0,NA,NA,NA,NA,NA,NA,NA,0,0,0,0,0,0,NA,0,NA,NA,NA,NA,NA,NA,NA,0,0,0,0,0,0,NA,0.166666666666667,NA,NA,NA,NA,NA,NA,NA
"72",3,3,3,3,3,3,3,6,6,6,6,0,0,0,0,0,0,0,0,0,0,0,1,0,1,3,0,0,0,0,0,0,1,1,0,0,1,1,5,5,5,0,0,0,0,0.0666666666666667,0.0666666666666667,0.0666666666666667,0.0666666666666667,0.0666666666666667,0.0666666666666667,0.0666666666666667,0.133333333333333,0.133333333333333,0.133333333333333,0.133333333333333,0,0,0,0,0,0,0,0,0,0,0,0.166666666666667,0,0.166666666666667,0.5,NA,NA,NA,NA,0,0,0.333333333333333,0.333333333333333,0,0,0.333333333333333,0.166666666666667,0.833333333333333,0.833333333333333,0.833333333333333,NA,NA,NA,NA,0,0,1,1,0,0,1,0,5,4,3,0,0,0,0,3,3,2,2,3,3,2,5,1,1,0,0,0,0,0,0,0,0,0,0,0,0,1,0,1,2,0,0,0,0,0,0,0,0,0,0,0,0,0,0,1,0,0,0,0,0,0,0.333333333333333,0.333333333333333,0,0,0.333333333333333,0,0.833333333333333,0.666666666666667,0.5,NA,NA,NA,NA,1,1,0.666666666666667,0.666666666666667,1,1,0.666666666666667,0.833333333333333,0.166666666666667,0.166666666666667,0,NA,NA,NA,NA,0,0,0,0,0,0,0,0.166666666666667,0,0.166666666666667,0.333333333333333,NA,NA,NA,NA,0,0,0,0,0,0,0,0,0,0,0.166666666666667,NA,NA,NA,NA
"73",3,3,6,3,3,0,3,6,0,6,0,0,0,0,0,0,0,1,1,0,0,0,1,0,0,0,0,0,0,0,0,1,4,0,1,0,0,6,0,4,0,0,0,0,0,0.0909090909090909,0.0909090909090909,0.181818181818182,0.0909090909090909,0.0909090909090909,0,0.0909090909090909,0.181818181818182,0,0.181818181818182,0,0,0,0,0,0,0,0.166666666666667,0.333333333333333,0,NA,0,0.166666666666667,NA,0,NA,NA,NA,NA,NA,0,0.333333333333333,0.666666666666667,0,0.333333333333333,NA,0,1,NA,0.666666666666667,NA,NA,NA,NA,NA,0,1,4,0,1,0,0,5,0,4,0,0,0,0,0,3,2,1,2,2,0,3,0,0,2,0,0,0,0,0,0,0,0,0,0,0,0,1,0,0,0,0,0,0,0,0,0,1,1,0,0,0,0,0,0,0,0,0,0,0,0,0.333333333333333,0.666666666666667,0,0.333333333333333,NA,0,0.833333333333333,NA,0.666666666666667,NA,NA,NA,NA,NA,1,0.666666666666667,0.166666666666667,0.666666666666667,0.666666666666667,NA,1,0,NA,0.333333333333333,NA,NA,NA,NA,NA,0,0,0,0,0,NA,0,0.166666666666667,NA,0,NA,NA,NA,NA,NA,0,0,0.166666666666667,0.333333333333333,0,NA,0,0,NA,0,NA,NA,NA,NA,NA
"74",3,3,3,3,6,6,3,6,0,6,0,0,0,0,0,0,0,0,0,0,0,1,3,0,1,0,0,0,0,0,0,1,1,0,2,4,1,2,0,4,0,0,0,0,0,0.0769230769230769,0.0769230769230769,0.0769230769230769,0.0769230769230769,0.153846153846154,0.153846153846154,0.0769230769230769,0.153846153846154,0,0.153846153846154,0,0,0,0,0,0,0,0,0,0,0,0.333333333333333,0.5,NA,0.166666666666667,NA,NA,NA,NA,NA,0,0.333333333333333,0.333333333333333,0,0.333333333333333,0.666666666666667,0.333333333333333,0.333333333333333,NA,0.666666666666667,NA,NA,NA,NA,NA,0,1,1,0,2,4,0,1,0,4,0,0,0,0,0,3,2,2,3,4,2,2,2,0,1,0,0,0,0,0,0,0,0,0,0,0,1,1,0,0,0,0,0,0,0,0,0,0,0,0,0,0,2,0,1,0,0,0,0,0,0,0.333333333333333,0.333333333333333,0,0.333333333333333,0.666666666666667,0,0.166666666666667,NA,0.666666666666667,NA,NA,NA,NA,NA,1,0.666666666666667,0.666666666666667,1,0.666666666666667,0.333333333333333,0.666666666666667,0.333333333333333,NA,0.166666666666667,NA,NA,NA,NA,NA,0,0,0,0,0,0,0.333333333333333,0.166666666666667,NA,0,NA,NA,NA,NA,NA,0,0,0,0,0,0,0,0.333333333333333,NA,0.166666666666667,NA,NA,NA,NA,NA
"75",3,6,0,3,0,0,3,0,0,6,0,0,0,0,0,0,0,0,1,0,0,1,0,0,0,0,0,0,0,0,1,4,0,0,0,0,0,0,0,4,0,0,0,0,0,0.142857142857143,0.285714285714286,0,0.142857142857143,0,0,0.142857142857143,0,0,0.285714285714286,0,0,0,0,0,0,0,NA,0.333333333333333,NA,NA,0.333333333333333,NA,NA,0,NA,NA,NA,NA,NA,0.333333333333333,0.666666666666667,NA,0,NA,NA,0,NA,NA,0.666666666666667,NA,NA,NA,NA,NA,1,4,0,0,0,0,0,0,0,4,0,0,0,0,0,2,2,0,2,0,0,2,0,0,2,0,0,0,0,0,0,0,0,0,0,0,0,0,0,0,0,0,0,0,0,0,0,0,1,0,0,1,0,0,0,0,0,0,0,0,0.333333333333333,0.666666666666667,NA,0,NA,NA,0,NA,NA,0.666666666666667,NA,NA,NA,NA,NA,0.666666666666667,0.333333333333333,NA,0.666666666666667,NA,NA,0.666666666666667,NA,NA,0.333333333333333,NA,NA,NA,NA,NA,0,0,NA,0,NA,NA,0,NA,NA,0,NA,NA,NA,NA,NA,0,0,NA,0.333333333333333,NA,NA,0.333333333333333,NA,NA,0,NA,NA,NA,NA,NA
"76",3,3,6,3,6,3,6,0,6,6,0,0,0,0,0,0,0,1,0,1,0,0,0,1,3,0,0,0,0,0,0,1,2,1,3,1,1,0,3,5,0,0,0,0,0,0.0714285714285714,0.0714285714285714,0.142857142857143,0.0714285714285714,0.142857142857143,0.0714285714285714,0.142857142857143,0,0.142857142857143,0.142857142857143,0,0,0,0,0,0,0,0.166666666666667,0,0.166666666666667,0,0,NA,0.166666666666667,0.5,NA,NA,NA,NA,NA,0,0.333333333333333,0.333333333333333,0.333333333333333,0.5,0.333333333333333,0.166666666666667,NA,0.5,0.833333333333333,NA,NA,NA,NA,NA,0,1,2,1,2,1,1,0,3,3,0,0,0,0,0,3,2,3,2,3,2,5,0,2,0,0,0,0,0,0,0,0,0,0,1,0,0,0,0,2,0,0,0,0,0,0,0,1,0,0,0,0,0,1,1,0,0,0,0,0,0,0.333333333333333,0.333333333333333,0.333333333333333,0.333333333333333,0.333333333333333,0.166666666666667,NA,0.5,0.5,NA,NA,NA,NA,NA,1,0.666666666666667,0.5,0.666666666666667,0.5,0.666666666666667,0.833333333333333,NA,0.333333333333333,0,NA,NA,NA,NA,NA,0,0,0,0,0.166666666666667,0,0,NA,0,0.333333333333333,NA,NA,NA,NA,NA,0,0,0.166666666666667,0,0,0,0,NA,0.166666666666667,0.166666666666667,NA,NA,NA,NA,NA
"77",3,3,3,3,6,3,3,0,6,6,0,0,0,0,0,0,0,0,0,0,0,0,0,1,2,0,0,0,0,0,0,1,1,1,3,1,1,0,5,5,0,0,0,0,0,0.0833333333333333,0.0833333333333333,0.0833333333333333,0.0833333333333333,0.166666666666667,0.0833333333333333,0.0833333333333333,0,0.166666666666667,0.166666666666667,0,0,0,0,0,0,0,0,0,0,0,0,NA,0.166666666666667,0.333333333333333,NA,NA,NA,NA,NA,0,0.333333333333333,0.333333333333333,0.333333333333333,0.5,0.333333333333333,0.333333333333333,NA,0.833333333333333,0.833333333333333,NA,NA,NA,NA,NA,0,1,1,1,3,1,1,0,4,3,0,0,0,0,0,3,2,2,2,3,2,2,0,1,1,0,0,0,0,0,0,0,0,0,0,0,0,0,1,2,0,0,0,0,0,0,0,0,0,0,0,0,0,0,0,0,0,0,0,0,0,0.333333333333333,0.333333333333333,0.333333333333333,0.5,0.333333333333333,0.333333333333333,NA,0.666666666666667,0.5,NA,NA,NA,NA,NA,1,0.666666666666667,0.666666666666667,0.666666666666667,0.5,0.666666666666667,0.666666666666667,NA,0.166666666666667,0.166666666666667,NA,NA,NA,NA,NA,0,0,0,0,0,0,0,NA,0.166666666666667,0.333333333333333,NA,NA,NA,NA,NA,0,0,0,0,0,0,0,NA,0,0,NA,NA,NA,NA,NA
"78",3,6,0,3,0,0,3,0,0,3,0,0,6,0,0,0,0,0,0,0,0,1,0,0,0,0,0,1,0,0,0,3,0,0,0,0,1,0,0,1,0,0,5,0,0,0.125,0.25,0,0.125,0,0,0.125,0,0,0.125,0,0,0.25,0,0,0,0,NA,0,NA,NA,0.333333333333333,NA,NA,0,NA,NA,0.166666666666667,NA,NA,0,0.5,NA,0,NA,NA,0.333333333333333,NA,NA,0.333333333333333,NA,NA,0.833333333333333,NA,NA,0,3,0,0,0,0,1,0,0,1,0,0,4,0,0,3,3,0,3,0,0,1,0,0,2,0,0,1,0,0,0,0,0,0,0,0,0,0,0,0,0,0,1,0,0,0,0,0,0,0,0,1,0,0,0,0,0,0,0,0,0,0.5,NA,0,NA,NA,0.333333333333333,NA,NA,0.333333333333333,NA,NA,0.666666666666667,NA,NA,1,0.5,NA,1,NA,NA,0.333333333333333,NA,NA,0.666666666666667,NA,NA,0.166666666666667,NA,NA,0,0,NA,0,NA,NA,0,NA,NA,0,NA,NA,0.166666666666667,NA,NA,0,0,NA,0,NA,NA,0.333333333333333,NA,NA,0,NA,NA,0,NA,NA
"79",6,0,0,3,0,0,3,0,0,6,0,0,0,0,0,1,0,0,0,0,0,0,0,0,1,0,0,0,0,0,4,0,0,0,0,0,0,0,0,4,0,0,0,0,0,0.333333333333333,0,0,0.166666666666667,0,0,0.166666666666667,0,0,0.333333333333333,0,0,0,0,0,0.166666666666667,NA,NA,0,NA,NA,0,NA,NA,0.166666666666667,NA,NA,NA,NA,NA,0.666666666666667,NA,NA,0,NA,NA,0,NA,NA,0.666666666666667,NA,NA,NA,NA,NA,4,0,0,0,0,0,0,0,0,3,0,0,0,0,0,1,0,0,3,0,0,3,0,0,2,0,0,0,0,0,0,0,0,0,0,0,0,0,0,1,0,0,0,0,0,1,0,0,0,0,0,0,0,0,0,0,0,0,0,0,0.666666666666667,NA,NA,0,NA,NA,0,NA,NA,0.5,NA,NA,NA,NA,NA,0.166666666666667,NA,NA,1,NA,NA,1,NA,NA,0.333333333333333,NA,NA,NA,NA,NA,0,NA,NA,0,NA,NA,0,NA,NA,0.166666666666667,NA,NA,NA,NA,NA,0.166666666666667,NA,NA,0,NA,NA,0,NA,NA,0,NA,NA,NA,NA,NA
"80",3,3,3,3,3,3,3,6,6,6,0,0,0,0,0,0,0,0,0,0,0,1,1,1,1,0,0,0,0,0,1,0,1,1,1,1,1,4,5,5,0,0,0,0,0,0.0769230769230769,0.0769230769230769,0.0769230769230769,0.0769230769230769,0.0769230769230769,0.0769230769230769,0.0769230769230769,0.153846153846154,0.153846153846154,0.153846153846154,0,0,0,0,0,0,0,0,0,0,0,0.333333333333333,0.166666666666667,0.166666666666667,0.166666666666667,NA,NA,NA,NA,NA,0.333333333333333,0,0.333333333333333,0.333333333333333,0.333333333333333,0.333333333333333,0.333333333333333,0.666666666666667,0.833333333333333,0.833333333333333,NA,NA,NA,NA,NA,1,0,1,1,1,1,1,4,4,4,0,0,0,0,0,2,3,2,2,2,2,1,1,1,1,0,0,0,0,0,0,0,0,0,0,0,0,0,1,1,0,0,0,0,0,0,0,0,0,0,0,1,1,0,0,0,0,0,0,0,0.333333333333333,0,0.333333333333333,0.333333333333333,0.333333333333333,0.333333333333333,0.333333333333333,0.666666666666667,0.666666666666667,0.666666666666667,NA,NA,NA,NA,NA,0.666666666666667,1,0.666666666666667,0.666666666666667,0.666666666666667,0.666666666666667,0.333333333333333,0.166666666666667,0.166666666666667,0.166666666666667,NA,NA,NA,NA,NA,0,0,0,0,0,0,0,0,0.166666666666667,0.166666666666667,NA,NA,NA,NA,NA,0,0,0,0,0,0,0.333333333333333,0.166666666666667,0,0,NA,NA,NA,NA,NA
"81",3,3,3,3,3,6,3,6,0,6,0,0,0,0,0,0,0,0,0,0,0,1,1,0,2,0,0,0,0,0,0,1,1,0,1,5,0,4,0,4,0,0,0,0,0,0.0833333333333333,0.0833333333333333,0.0833333333333333,0.0833333333333333,0.0833333333333333,0.166666666666667,0.0833333333333333,0.166666666666667,0,0.166666666666667,0,0,0,0,0,0,0,0,0,0,0,0.333333333333333,0.166666666666667,NA,0.333333333333333,NA,NA,NA,NA,NA,0,0.333333333333333,0.333333333333333,0,0.333333333333333,0.833333333333333,0,0.666666666666667,NA,0.666666666666667,NA,NA,NA,NA,NA,0,1,1,0,1,5,0,3,0,4,0,0,0,0,0,3,2,2,3,2,1,2,2,0,0,0,0,0,0,0,0,0,0,0,0,0,0,1,0,0,0,0,0,0,0,0,0,0,0,0,0,1,0,0,2,0,0,0,0,0,0,0.333333333333333,0.333333333333333,0,0.333333333333333,0.833333333333333,0,0.5,NA,0.666666666666667,NA,NA,NA,NA,NA,1,0.666666666666667,0.666666666666667,1,0.666666666666667,0.166666666666667,0.666666666666667,0.333333333333333,NA,0,NA,NA,NA,NA,NA,0,0,0,0,0,0,0,0.166666666666667,NA,0,NA,NA,NA,NA,NA,0,0,0,0,0,0,0.333333333333333,0,NA,0.333333333333333,NA,NA,NA,NA,NA
"82",6,3,6,3,3,0,3,6,0,6,0,0,0,0,0,0,0,0,0,0,0,0,1,0,0,0,0,0,0,0,2,0,3,0,1,0,0,4,0,3,0,0,0,0,0,0.166666666666667,0.0833333333333333,0.166666666666667,0.0833333333333333,0.0833333333333333,0,0.0833333333333333,0.166666666666667,0,0.166666666666667,0,0,0,0,0,0,0,0,0,0,NA,0,0.166666666666667,NA,0,NA,NA,NA,NA,NA,0.333333333333333,0,0.5,0,0.333333333333333,NA,0,0.666666666666667,NA,0.5,NA,NA,NA,NA,NA,2,0,3,0,1,0,0,4,0,3,0,0,0,0,0,4,3,3,3,2,0,3,1,0,3,0,0,0,0,0,0,0,0,0,0,0,0,0,0,0,0,0,0,0,0,0,0,0,0,0,0,0,1,0,0,0,0,0,0,0,0.333333333333333,0,0.5,0,0.333333333333333,NA,0,0.666666666666667,NA,0.5,NA,NA,NA,NA,NA,0.666666666666667,1,0.5,1,0.666666666666667,NA,1,0.166666666666667,NA,0.5,NA,NA,NA,NA,NA,0,0,0,0,0,NA,0,0,NA,0,NA,NA,NA,NA,NA,0,0,0,0,0,NA,0,0.166666666666667,NA,0,NA,NA,NA,NA,NA
"83",6,3,3,3,3,6,3,6,0,6,0,0,0,0,0,0,0,0,0,0,1,1,1,0,1,0,0,0,0,0,2,1,1,1,1,5,0,4,0,5,0,0,0,0,0,0.153846153846154,0.0769230769230769,0.0769230769230769,0.0769230769230769,0.0769230769230769,0.153846153846154,0.0769230769230769,0.153846153846154,0,0.153846153846154,0,0,0,0,0,0,0,0,0,0,0.166666666666667,0.333333333333333,0.166666666666667,NA,0.166666666666667,NA,NA,NA,NA,NA,0.333333333333333,0.333333333333333,0.333333333333333,0.333333333333333,0.333333333333333,0.833333333333333,0,0.666666666666667,NA,0.833333333333333,NA,NA,NA,NA,NA,2,1,1,1,1,4,0,3,0,4,0,0,0,0,0,4,2,2,2,2,1,2,2,0,1,0,0,0,0,0,0,0,0,0,0,1,0,1,0,1,0,0,0,0,0,0,0,0,0,0,0,1,0,0,0,0,0,0,0,0,0.333333333333333,0.333333333333333,0.333333333333333,0.333333333333333,0.333333333333333,0.666666666666667,0,0.5,NA,0.666666666666667,NA,NA,NA,NA,NA,0.666666666666667,0.666666666666667,0.666666666666667,0.666666666666667,0.666666666666667,0.166666666666667,0.666666666666667,0.333333333333333,NA,0.166666666666667,NA,NA,NA,NA,NA,0,0,0,0,0,0.166666666666667,0,0.166666666666667,NA,0.166666666666667,NA,NA,NA,NA,NA,0,0,0,0,0,0,0.333333333333333,0,NA,0,NA,NA,NA,NA,NA
"84",3,3,3,3,3,6,3,3,0,6,6,0,3,6,0,0,0,0,1,0,0,0,0,0,1,2,0,0,3,0,1,0,1,0,0,5,0,0,0,2,4,0,2,6,0,0.0625,0.0625,0.0625,0.0625,0.0625,0.125,0.0625,0.0625,0,0.125,0.125,0,0.0625,0.125,0,0,0,0,0.333333333333333,0,0,0,0,NA,0.166666666666667,0.333333333333333,NA,0,0.5,NA,0.333333333333333,0,0.333333333333333,0,0,0.833333333333333,0,0,NA,0.333333333333333,0.666666666666667,NA,0.666666666666667,1,NA,1,0,1,0,0,5,0,0,0,1,3,0,2,3,0,2,3,2,2,3,1,3,3,0,4,1,0,1,0,0,0,0,0,0,0,0,0,0,0,1,1,0,0,3,0,0,0,0,1,0,0,0,0,0,0,1,0,0,0,0,0.333333333333333,0,0.333333333333333,0,0,0.833333333333333,0,0,NA,0.166666666666667,0.5,NA,0.666666666666667,0.5,NA,0.666666666666667,1,0.666666666666667,0.666666666666667,1,0.166666666666667,1,1,NA,0.666666666666667,0.166666666666667,NA,0.333333333333333,0,NA,0,0,0,0,0,0,0,0,NA,0.166666666666667,0.166666666666667,NA,0,0.5,NA,0,0,0,0.333333333333333,0,0,0,0,NA,0,0.166666666666667,NA,0,0,NA
"85",3,6,0,6,0,0,3,0,0,6,0,0,0,0,0,0,0,0,0,0,0,0,0,0,1,0,0,0,0,0,0,3,0,2,0,0,0,0,0,4,0,0,0,0,0,0.125,0.25,0,0.25,0,0,0.125,0,0,0.25,0,0,0,0,0,0,0,NA,0,NA,NA,0,NA,NA,0.166666666666667,NA,NA,NA,NA,NA,0,0.5,NA,0.333333333333333,NA,NA,0,NA,NA,0.666666666666667,NA,NA,NA,NA,NA,0,3,0,2,0,0,0,0,0,3,0,0,0,0,0,3,3,0,4,0,0,3,0,0,2,0,0,0,0,0,0,0,0,0,0,0,0,0,0,1,0,0,0,0,0,0,0,0,0,0,0,0,0,0,0,0,0,0,0,0,0,0.5,NA,0.333333333333333,NA,NA,0,NA,NA,0.5,NA,NA,NA,NA,NA,1,0.5,NA,0.666666666666667,NA,NA,1,NA,NA,0.333333333333333,NA,NA,NA,NA,NA,0,0,NA,0,NA,NA,0,NA,NA,0.166666666666667,NA,NA,NA,NA,NA,0,0,NA,0,NA,NA,0,NA,NA,0,NA,NA,NA,NA,NA
"86",3,6,6,3,0,0,6,0,0,0,0,0,0,0,0,0,0,3,1,0,0,1,0,0,0,0,0,0,0,0,0,2,3,1,0,0,5,0,0,0,0,0,0,0,0,0.125,0.25,0.25,0.125,0,0,0.25,0,0,0,0,0,0,0,0,0,0,0.5,0.333333333333333,NA,NA,0.166666666666667,NA,NA,NA,NA,NA,NA,NA,NA,0,0.333333333333333,0.5,0.333333333333333,NA,NA,0.833333333333333,NA,NA,NA,NA,NA,NA,NA,NA,0,2,1,1,0,0,4,0,0,0,0,0,0,0,0,3,4,2,1,0,0,1,0,0,0,0,0,0,0,0,0,0,2,0,0,0,1,0,0,0,0,0,0,0,0,0,0,1,1,0,0,0,0,0,0,0,0,0,0,0,0,0.333333333333333,0.166666666666667,0.333333333333333,NA,NA,0.666666666666667,NA,NA,NA,NA,NA,NA,NA,NA,1,0.666666666666667,0.333333333333333,0.333333333333333,NA,NA,0.166666666666667,NA,NA,NA,NA,NA,NA,NA,NA,0,0,0.333333333333333,0,NA,NA,0.166666666666667,NA,NA,NA,NA,NA,NA,NA,NA,0,0,0.166666666666667,0.333333333333333,NA,NA,0,NA,NA,NA,NA,NA,NA,NA,NA
"87",3,3,3,3,3,6,6,6,0,0,6,0,0,0,0,0,0,0,0,0,1,2,0,0,0,3,0,0,0,0,1,0,0,0,1,3,4,3,0,0,5,0,0,0,0,0.0769230769230769,0.0769230769230769,0.0769230769230769,0.0769230769230769,0.0769230769230769,0.153846153846154,0.153846153846154,0.153846153846154,0,0,0.153846153846154,0,0,0,0,0,0,0,0,0,0.166666666666667,0.333333333333333,0,NA,NA,0.5,NA,NA,NA,NA,0.333333333333333,0,0,0,0.333333333333333,0.5,0.666666666666667,0.5,NA,NA,0.833333333333333,NA,NA,NA,NA,1,0,0,0,1,3,2,3,0,0,2,0,0,0,0,2,3,3,3,2,2,2,3,0,0,1,0,0,0,0,0,0,0,0,0,0,2,0,0,0,3,0,0,0,0,0,0,0,0,0,1,0,0,0,0,0,0,0,0,0,0.333333333333333,0,0,0,0.333333333333333,0.5,0.333333333333333,0.5,NA,NA,0.333333333333333,NA,NA,NA,NA,0.666666666666667,1,1,1,0.666666666666667,0.333333333333333,0.333333333333333,0.5,NA,NA,0.166666666666667,NA,NA,NA,NA,0,0,0,0,0,0,0.333333333333333,0,NA,NA,0.5,NA,NA,NA,NA,0,0,0,0,0,0.166666666666667,0,0,NA,NA,0,NA,NA,NA,NA
"88",3,3,3,3,3,6,3,6,0,6,0,0,0,0,0,0,0,0,0,0,2,0,1,0,0,0,0,0,0,0,1,0,0,0,1,5,0,4,0,4,0,0,0,0,0,0.0833333333333333,0.0833333333333333,0.0833333333333333,0.0833333333333333,0.0833333333333333,0.166666666666667,0.0833333333333333,0.166666666666667,0,0.166666666666667,0,0,0,0,0,0,0,0,0,0,0.333333333333333,0,0.166666666666667,NA,0,NA,NA,NA,NA,NA,0.333333333333333,0,0,0,0.333333333333333,0.833333333333333,0,0.666666666666667,NA,0.666666666666667,NA,NA,NA,NA,NA,1,0,0,0,1,4,0,4,0,4,0,0,0,0,0,2,3,3,3,2,0,3,1,0,2,0,0,0,0,0,0,0,0,0,0,1,0,0,0,0,0,0,0,0,0,0,0,0,0,0,1,0,1,0,0,0,0,0,0,0,0.333333333333333,0,0,0,0.333333333333333,0.666666666666667,0,0.666666666666667,NA,0.666666666666667,NA,NA,NA,NA,NA,0.666666666666667,1,1,1,0.666666666666667,0,1,0.166666666666667,NA,0.333333333333333,NA,NA,NA,NA,NA,0,0,0,0,0,0.166666666666667,0,0,NA,0,NA,NA,NA,NA,NA,0,0,0,0,0,0.166666666666667,0,0.166666666666667,NA,0,NA,NA,NA,NA,NA
"89",3,3,3,3,3,6,6,6,0,0,0,0,0,0,0,0,0,1,0,0,2,0,1,0,0,0,0,0,0,0,0,0,0,0,1,5,3,5,0,0,0,0,0,0,0,0.0909090909090909,0.0909090909090909,0.0909090909090909,0.0909090909090909,0.0909090909090909,0.181818181818182,0.181818181818182,0.181818181818182,0,0,0,0,0,0,0,0,0,0.333333333333333,0,0,0.333333333333333,0,0.166666666666667,NA,NA,NA,NA,NA,NA,NA,0,0,0,0,0.333333333333333,0.833333333333333,0.5,0.833333333333333,NA,NA,NA,NA,NA,NA,NA,0,0,0,0,1,4,3,4,0,0,0,0,0,0,0,3,3,2,3,2,0,3,1,0,0,0,0,0,0,0,0,0,0,0,0,1,0,1,0,0,0,0,0,0,0,0,0,1,0,0,1,0,0,0,0,0,0,0,0,0,0,0,0,0,0.333333333333333,0.666666666666667,0.5,0.666666666666667,NA,NA,NA,NA,NA,NA,NA,1,1,0.666666666666667,1,0.666666666666667,0,0.5,0.166666666666667,NA,NA,NA,NA,NA,NA,NA,0,0,0,0,0,0.166666666666667,0,0.166666666666667,NA,NA,NA,NA,NA,NA,NA,0,0,0.333333333333333,0,0,0.166666666666667,0,0,NA,NA,NA,NA,NA,NA,NA
"90",3,3,3,3,3,6,3,6,6,6,0,0,0,0,0,0,0,0,0,0,0,0,0,3,0,0,0,0,0,0,1,1,0,0,1,4,1,4,5,4,0,0,0,0,0,0.0714285714285714,0.0714285714285714,0.0714285714285714,0.0714285714285714,0.0714285714285714,0.142857142857143,0.0714285714285714,0.142857142857143,0.142857142857143,0.142857142857143,0,0,0,0,0,0,0,0,0,0,0,0,0,0.5,0,NA,NA,NA,NA,NA,0.333333333333333,0.333333333333333,0,0,0.333333333333333,0.666666666666667,0.333333333333333,0.666666666666667,0.833333333333333,0.666666666666667,NA,NA,NA,NA,NA,1,1,0,0,1,4,1,4,3,4,0,0,0,0,0,2,2,3,3,2,2,2,2,0,2,0,0,0,0,0,0,0,0,0,0,0,0,0,2,0,0,0,0,0,0,0,0,0,0,0,0,0,0,1,0,0,0,0,0,0,0.333333333333333,0.333333333333333,0,0,0.333333333333333,0.666666666666667,0.333333333333333,0.666666666666667,0.5,0.666666666666667,NA,NA,NA,NA,NA,0.666666666666667,0.666666666666667,1,1,0.666666666666667,0.333333333333333,0.666666666666667,0.333333333333333,0,0.333333333333333,NA,NA,NA,NA,NA,0,0,0,0,0,0,0,0,0.333333333333333,0,NA,NA,NA,NA,NA,0,0,0,0,0,0,0,0,0.166666666666667,0,NA,NA,NA,NA,NA
"91",3,3,6,3,3,0,6,6,0,0,0,0,0,0,0,0,0,0,0,1,0,0,1,0,0,0,0,0,0,0,0,0,4,0,1,0,3,3,0,0,0,0,0,0,0,0.1,0.1,0.2,0.1,0.1,0,0.2,0.2,0,0,0,0,0,0,0,0,0,0,0,0.333333333333333,NA,0,0.166666666666667,NA,NA,NA,NA,NA,NA,NA,0,0,0.666666666666667,0,0.333333333333333,NA,0.5,0.5,NA,NA,NA,NA,NA,NA,NA,0,0,4,0,1,0,3,3,0,0,0,0,0,0,0,3,3,2,3,1,0,3,2,0,0,0,0,0,0,0,0,0,0,0,0,0,0,0,0,0,0,0,0,0,0,0,0,0,0,1,0,0,1,0,0,0,0,0,0,0,0,0,0.666666666666667,0,0.333333333333333,NA,0.5,0.5,NA,NA,NA,NA,NA,NA,NA,1,1,0.333333333333333,1,0.333333333333333,NA,0.5,0.333333333333333,NA,NA,NA,NA,NA,NA,NA,0,0,0,0,0,NA,0,0,NA,NA,NA,NA,NA,NA,NA,0,0,0,0,0.333333333333333,NA,0,0.166666666666667,NA,NA,NA,NA,NA,NA,NA
"92",3,3,3,3,3,6,3,3,6,6,6,0,0,0,0,0,0,1,0,1,0,0,0,3,0,0,0,0,0,0,0,0,0,1,1,2,0,1,4,3,4,0,0,0,0,0.0666666666666667,0.0666666666666667,0.0666666666666667,0.0666666666666667,0.0666666666666667,0.133333333333333,0.0666666666666667,0.0666666666666667,0.133333333333333,0.133333333333333,0.133333333333333,0,0,0,0,0,0,0.333333333333333,0,0.333333333333333,0,0,0,0.5,0,0,NA,NA,NA,NA,0,0,0,0.333333333333333,0.333333333333333,0.333333333333333,0,0.333333333333333,0.666666666666667,0.5,0.666666666666667,NA,NA,NA,NA,0,0,0,1,1,2,0,1,2,3,4,0,0,0,0,3,3,2,2,1,4,3,2,1,3,2,0,0,0,0,0,0,0,0,0,0,0,0,2,0,0,0,0,0,0,0,0,1,0,1,0,0,0,1,0,0,0,0,0,0,0,0,0,0.333333333333333,0.333333333333333,0.333333333333333,0,0.333333333333333,0.333333333333333,0.5,0.666666666666667,NA,NA,NA,NA,1,1,0.666666666666667,0.666666666666667,0.333333333333333,0.666666666666667,1,0.666666666666667,0.166666666666667,0.5,0.333333333333333,NA,NA,NA,NA,0,0,0,0,0,0,0,0,0.333333333333333,0,0,NA,NA,NA,NA,0,0,0.333333333333333,0,0.333333333333333,0,0,0,0.166666666666667,0,0,NA,NA,NA,NA
"93",3,3,6,3,3,6,6,6,0,3,0,0,0,0,0,0,0,0,0,0,2,1,0,0,3,0,0,0,0,0,0,1,2,0,1,4,3,4,0,3,0,0,0,0,0,0.0769230769230769,0.0769230769230769,0.153846153846154,0.0769230769230769,0.0769230769230769,0.153846153846154,0.153846153846154,0.153846153846154,0,0.0769230769230769,0,0,0,0,0,0,0,0,0,0,0.333333333333333,0.166666666666667,0,NA,1,NA,NA,NA,NA,NA,0,0.333333333333333,0.333333333333333,0,0.333333333333333,0.666666666666667,0.5,0.666666666666667,NA,1,NA,NA,NA,NA,NA,0,1,2,0,1,2,2,4,0,0,0,0,0,0,0,3,2,4,3,2,2,3,2,0,0,0,0,0,0,0,0,0,0,0,0,2,1,0,0,3,0,0,0,0,0,0,0,0,0,0,0,0,0,0,0,0,0,0,0,0,0,0.333333333333333,0.333333333333333,0,0.333333333333333,0.333333333333333,0.333333333333333,0.666666666666667,NA,0,NA,NA,NA,NA,NA,1,0.666666666666667,0.666666666666667,1,0.666666666666667,0.333333333333333,0.5,0.333333333333333,NA,0,NA,NA,NA,NA,NA,0,0,0,0,0,0.333333333333333,0.166666666666667,0,NA,1,NA,NA,NA,NA,NA,0,0,0,0,0,0,0,0,NA,0,NA,NA,NA,NA,NA
"94",6,0,0,3,0,0,6,0,0,6,0,0,0,0,0,0,0,0,0,0,0,1,0,0,2,0,0,0,0,0,3,0,0,0,0,0,0,0,0,4,0,0,0,0,0,0.285714285714286,0,0,0.142857142857143,0,0,0.285714285714286,0,0,0.285714285714286,0,0,0,0,0,0,NA,NA,0,NA,NA,0.166666666666667,NA,NA,0.333333333333333,NA,NA,NA,NA,NA,0.5,NA,NA,0,NA,NA,0,NA,NA,0.666666666666667,NA,NA,NA,NA,NA,3,0,0,0,0,0,0,0,0,2,0,0,0,0,0,3,0,0,3,0,0,5,0,0,2,0,0,0,0,0,0,0,0,0,0,0,0,0,0,2,0,0,0,0,0,0,0,0,0,0,0,1,0,0,0,0,0,0,0,0,0.5,NA,NA,0,NA,NA,0,NA,NA,0.333333333333333,NA,NA,NA,NA,NA,0.5,NA,NA,1,NA,NA,0.833333333333333,NA,NA,0.333333333333333,NA,NA,NA,NA,NA,0,NA,NA,0,NA,NA,0,NA,NA,0.333333333333333,NA,NA,NA,NA,NA,0,NA,NA,0,NA,NA,0.166666666666667,NA,NA,0,NA,NA,NA,NA,NA
"95",3,6,0,3,0,0,3,0,0,6,0,0,0,0,0,0,0,0,0,0,0,0,0,0,1,0,0,0,0,0,1,3,0,1,0,0,1,0,0,5,0,0,0,0,0,0.142857142857143,0.285714285714286,0,0.142857142857143,0,0,0.142857142857143,0,0,0.285714285714286,0,0,0,0,0,0,0,NA,0,NA,NA,0,NA,NA,0.166666666666667,NA,NA,NA,NA,NA,0.333333333333333,0.5,NA,0.333333333333333,NA,NA,0.333333333333333,NA,NA,0.833333333333333,NA,NA,NA,NA,NA,1,3,0,1,0,0,1,0,0,4,0,0,0,0,0,2,3,0,2,0,0,2,0,0,1,0,0,0,0,0,0,0,0,0,0,0,0,0,0,1,0,0,0,0,0,0,0,0,0,0,0,0,0,0,0,0,0,0,0,0,0.333333333333333,0.5,NA,0.333333333333333,NA,NA,0.333333333333333,NA,NA,0.666666666666667,NA,NA,NA,NA,NA,0.666666666666667,0.5,NA,0.666666666666667,NA,NA,0.666666666666667,NA,NA,0.166666666666667,NA,NA,NA,NA,NA,0,0,NA,0,NA,NA,0,NA,NA,0.166666666666667,NA,NA,NA,NA,NA,0,0,NA,0,NA,NA,0,NA,NA,0,NA,NA,NA,NA,NA
"96",3,3,6,3,3,3,3,6,6,6,0,0,0,0,0,0,0,1,0,1,0,0,0,1,0,0,0,0,0,0,0,0,2,1,0,0,0,6,4,5,0,0,0,0,0,0.0714285714285714,0.0714285714285714,0.142857142857143,0.0714285714285714,0.0714285714285714,0.0714285714285714,0.0714285714285714,0.142857142857143,0.142857142857143,0.142857142857143,0,0,0,0,0,0,0,0.166666666666667,0,0.333333333333333,0,0,0,0.166666666666667,0,NA,NA,NA,NA,NA,0,0,0.333333333333333,0.333333333333333,0,0,0,1,0.666666666666667,0.833333333333333,NA,NA,NA,NA,NA,0,0,2,1,0,0,0,6,3,5,0,0,0,0,0,3,3,3,2,2,3,3,0,2,1,0,0,0,0,0,0,0,0,0,0,0,0,0,1,0,0,0,0,0,0,0,0,1,0,1,0,0,0,0,0,0,0,0,0,0,0,0,0.333333333333333,0.333333333333333,0,0,0,1,0.5,0.833333333333333,NA,NA,NA,NA,NA,1,1,0.5,0.666666666666667,0.666666666666667,1,1,0,0.333333333333333,0.166666666666667,NA,NA,NA,NA,NA,0,0,0,0,0,0,0,0,0.166666666666667,0,NA,NA,NA,NA,NA,0,0,0.166666666666667,0,0.333333333333333,0,0,0,0,0,NA,NA,NA,NA,NA
"97",3,3,6,3,3,0,6,3,0,0,6,0,0,0,0,0,0,1,0,1,0,1,0,0,0,2,0,0,0,0,0,0,4,1,0,0,4,1,0,0,4,0,0,0,0,0.0909090909090909,0.0909090909090909,0.181818181818182,0.0909090909090909,0.0909090909090909,0,0.181818181818182,0.0909090909090909,0,0,0.181818181818182,0,0,0,0,0,0,0.166666666666667,0,0.333333333333333,NA,0.166666666666667,0,NA,NA,0.333333333333333,NA,NA,NA,NA,0,0,0.666666666666667,0.333333333333333,0,NA,0.666666666666667,0.333333333333333,NA,NA,0.666666666666667,NA,NA,NA,NA,0,0,3,1,0,0,3,1,0,0,2,0,0,0,0,3,3,2,2,2,0,2,2,0,0,2,0,0,0,0,0,0,1,0,0,0,1,0,0,0,2,0,0,0,0,0,0,0,0,1,0,0,0,0,0,0,0,0,0,0,0,0,0.5,0.333333333333333,0,NA,0.5,0.333333333333333,NA,NA,0.333333333333333,NA,NA,NA,NA,1,1,0.333333333333333,0.666666666666667,0.666666666666667,NA,0.333333333333333,0.666666666666667,NA,NA,0.333333333333333,NA,NA,NA,NA,0,0,0.166666666666667,0,0,NA,0.166666666666667,0,NA,NA,0.333333333333333,NA,NA,NA,NA,0,0,0,0,0.333333333333333,NA,0,0,NA,NA,0,NA,NA,NA,NA
"98",3,3,3,3,6,6,3,0,0,6,0,0,0,0,0,0,0,0,0,1,1,0,0,0,1,0,0,0,0,0,1,0,1,0,3,3,0,0,0,6,0,0,0,0,0,0.0909090909090909,0.0909090909090909,0.0909090909090909,0.0909090909090909,0.181818181818182,0.181818181818182,0.0909090909090909,0,0,0.181818181818182,0,0,0,0,0,0,0,0,0,0.166666666666667,0.166666666666667,0,NA,NA,0.166666666666667,NA,NA,NA,NA,NA,0.333333333333333,0,0.333333333333333,0,0.5,0.5,0,NA,NA,1,NA,NA,NA,NA,NA,1,0,1,0,2,3,0,0,0,5,0,0,0,0,0,2,3,2,3,3,2,3,0,0,0,0,0,0,0,0,0,0,0,0,1,0,0,0,0,1,0,0,0,0,0,0,0,0,0,0,1,0,0,0,0,0,0,0,0,0,0.333333333333333,0,0.333333333333333,0,0.333333333333333,0.5,0,NA,NA,0.833333333333333,NA,NA,NA,NA,NA,0.666666666666667,1,0.666666666666667,1,0.5,0.333333333333333,1,NA,NA,0,NA,NA,NA,NA,NA,0,0,0,0,0.166666666666667,0,0,NA,NA,0.166666666666667,NA,NA,NA,NA,NA,0,0,0,0,0,0.166666666666667,0,NA,NA,0,NA,NA,NA,NA,NA
"99",3,3,6,3,3,0,3,3,0,3,6,0,6,3,0,0,0,0,0,0,0,1,0,0,0,1,0,2,2,0,1,1,3,0,0,0,1,1,0,1,3,0,6,3,0,0.0714285714285714,0.0714285714285714,0.142857142857143,0.0714285714285714,0.0714285714285714,0,0.0714285714285714,0.0714285714285714,0,0.0714285714285714,0.142857142857143,0,0.142857142857143,0.0714285714285714,0,0,0,0,0,0,NA,0.333333333333333,0,NA,0,0.166666666666667,NA,0.333333333333333,0.666666666666667,NA,0.333333333333333,0.333333333333333,0.5,0,0,NA,0.333333333333333,0.333333333333333,NA,0.333333333333333,0.5,NA,1,1,NA,1,1,3,0,0,0,1,1,0,1,2,0,4,1,0,2,2,3,3,3,0,1,2,0,2,3,0,0,0,0,0,0,0,0,0,0,0,0,0,0,1,0,2,2,0,0,0,0,0,0,0,1,0,0,0,0,0,0,0,0,0.333333333333333,0.333333333333333,0.5,0,0,NA,0.333333333333333,0.333333333333333,NA,0.333333333333333,0.333333333333333,NA,0.666666666666667,0.333333333333333,NA,0.666666666666667,0.666666666666667,0.5,1,1,NA,0.333333333333333,0.666666666666667,NA,0.666666666666667,0.5,NA,0,0,NA,0,0,0,0,0,NA,0,0,NA,0,0.166666666666667,NA,0.333333333333333,0.666666666666667,NA,0,0,0,0,0,NA,0.333333333333333,0,NA,0,0,NA,0,0,NA
"100",3,3,3,3,3,6,6,3,0,6,6,0,0,0,0,0,0,1,0,0,2,0,1,0,1,1,0,0,0,0,1,1,0,0,1,4,2,1,0,4,5,0,0,0,0,0.0714285714285714,0.0714285714285714,0.0714285714285714,0.0714285714285714,0.0714285714285714,0.142857142857143,0.142857142857143,0.0714285714285714,0,0.142857142857143,0.142857142857143,0,0,0,0,0,0,0.333333333333333,0,0,0.333333333333333,0,0.333333333333333,NA,0.166666666666667,0.166666666666667,NA,NA,NA,NA,0.333333333333333,0.333333333333333,0,0,0.333333333333333,0.666666666666667,0.333333333333333,0.333333333333333,NA,0.666666666666667,0.833333333333333,NA,NA,NA,NA,1,1,0,0,1,3,2,0,0,3,5,0,0,0,0,2,2,2,3,2,1,4,2,0,2,0,0,0,0,0,0,0,0,0,0,1,0,1,0,1,0,0,0,0,0,0,0,1,0,0,1,0,0,0,0,1,0,0,0,0,0.333333333333333,0.333333333333333,0,0,0.333333333333333,0.5,0.333333333333333,0,NA,0.5,0.833333333333333,NA,NA,NA,NA,0.666666666666667,0.666666666666667,0.666666666666667,1,0.666666666666667,0.166666666666667,0.666666666666667,0.666666666666667,NA,0.333333333333333,0,NA,NA,NA,NA,0,0,0,0,0,0.166666666666667,0,0.333333333333333,NA,0.166666666666667,0,NA,NA,NA,NA,0,0,0.333333333333333,0,0,0.166666666666667,0,0,NA,0,0.166666666666667,NA,NA,NA,NA
"101",3,3,3,3,6,6,3,0,0,6,0,0,0,0,0,0,0,0,0,0,1,0,0,0,2,0,0,0,0,0,0,0,1,1,3,3,0,0,0,4,0,0,0,0,0,0.0909090909090909,0.0909090909090909,0.0909090909090909,0.0909090909090909,0.181818181818182,0.181818181818182,0.0909090909090909,0,0,0.181818181818182,0,0,0,0,0,0,0,0,0,0,0.166666666666667,0,NA,NA,0.333333333333333,NA,NA,NA,NA,NA,0,0,0.333333333333333,0.333333333333333,0.5,0.5,0,NA,NA,0.666666666666667,NA,NA,NA,NA,NA,0,0,1,1,3,3,0,0,0,2,0,0,0,0,0,3,3,2,2,3,2,3,0,0,2,0,0,0,0,0,0,0,0,0,0,0,0,0,0,2,0,0,0,0,0,0,0,0,0,0,1,0,0,0,0,0,0,0,0,0,0,0,0.333333333333333,0.333333333333333,0.5,0.5,0,NA,NA,0.333333333333333,NA,NA,NA,NA,NA,1,1,0.666666666666667,0.666666666666667,0.5,0.333333333333333,1,NA,NA,0.333333333333333,NA,NA,NA,NA,NA,0,0,0,0,0,0,0,NA,NA,0.333333333333333,NA,NA,NA,NA,NA,0,0,0,0,0,0.166666666666667,0,NA,NA,0,NA,NA,NA,NA,NA
"102",3,3,3,3,3,6,3,6,0,6,0,0,3,0,0,0,0,0,0,0,1,1,1,0,1,0,0,2,0,0,0,0,1,0,0,3,1,5,0,3,0,0,2,0,0,0.0769230769230769,0.0769230769230769,0.0769230769230769,0.0769230769230769,0.0769230769230769,0.153846153846154,0.0769230769230769,0.153846153846154,0,0.153846153846154,0,0,0.0769230769230769,0,0,0,0,0,0,0,0.166666666666667,0.333333333333333,0.166666666666667,NA,0.166666666666667,NA,NA,0.666666666666667,NA,NA,0,0,0.333333333333333,0,0,0.5,0.333333333333333,0.833333333333333,NA,0.5,NA,NA,0.666666666666667,NA,NA,0,0,1,0,0,3,1,4,0,3,0,0,0,0,0,3,3,2,3,3,2,1,1,0,2,0,0,1,0,0,0,0,0,0,0,0,0,1,0,0,0,0,2,0,0,0,0,0,0,0,1,1,0,0,1,0,0,0,0,0,0,0,0.333333333333333,0,0,0.5,0.333333333333333,0.666666666666667,NA,0.5,NA,NA,0,NA,NA,1,1,0.666666666666667,1,1,0.333333333333333,0.333333333333333,0.166666666666667,NA,0.333333333333333,NA,NA,0.333333333333333,NA,NA,0,0,0,0,0,0,0,0.166666666666667,NA,0,NA,NA,0.666666666666667,NA,NA,0,0,0,0,0,0.166666666666667,0.333333333333333,0,NA,0.166666666666667,NA,NA,0,NA,NA
